m_time,identifier,ticker,sell_after,price,volatility,volatility_coef,drift,quantity
30,1,ORCL,3,126.71,0.03232560799688478,1.0,0.0007371693308633762,0.039525691699604744
30,1,ORCL,5,126.71,0.03232560799688478,1.0,0.0007371693308633762,0.039525691699604744
30,1,ORCL,6,126.71,0.03232560799688478,1.0,0.0007371693308633762,0.039525691699604744
30,1,ORCL,7,126.71,0.03232560799688478,1.0,0.0007371693308633762,0.039525691699604744
30,1,ORCL,8,126.71,0.03232560799688478,1.0,0.0007371693308633762,0.039525691699604744
30,1,ORCL,9,126.71,0.03232560799688478,1.0,0.0007371693308633762,0.039525691699604744
30,1,ORCL,10,126.71,0.03232560799688478,1.0,0.0007371693308633762,0.039525691699604744
30,1,ORCL,11,126.71,0.03232560799688478,1.0,0.0007371693308633762,0.039525691699604744
30,1,ORCL,14,126.71,0.03232560799688478,1.0,0.0007371693308633762,0.039525691699604744
30,1,ORCL,15,126.71,0.03232560799688478,1.0,0.0007371693308633762,0.039525691699604744
30,1,ORCL,16,126.71,0.03232560799688478,1.0,0.0007371693308633762,0.039525691699604744
30,1,ORCL,17,126.71,0.03232560799688478,1.0,0.0007371693308633762,0.039525691699604744
30,1,ORCL,18,126.71,0.03232560799688478,1.0,0.0007371693308633762,0.039525691699604744
30,1,ORCL,19,126.71,0.03232560799688478,1.0,0.0007371693308633762,0.039525691699604744
30,1,ORCL,21,126.71,0.03232560799688478,1.0,0.0007371693308633762,0.039525691699604744
30,1,ORCL,23,126.71,0.03232560799688478,1.0,0.0007371693308633762,0.039525691699604744
30,1,ORCL,24,126.71,0.03232560799688478,1.0,0.0007371693308633762,0.039525691699604744
30,1,ORCL,25,126.71,0.03232560799688478,1.0,0.0007371693308633762,0.039525691699604744
30,1,ORCL,26,126.71,0.03232560799688478,1.0,0.0007371693308633762,0.039525691699604744
30,1,ORCL,27,126.71,0.03232560799688478,1.0,0.0007371693308633762,0.039525691699604744
30,1,ORCL,28,126.71,0.03232560799688478,1.0,0.0007371693308633762,0.039525691699604744
30,1,ORCL,29,126.71,0.03232560799688478,1.0,0.0007371693308633762,0.039525691699604744
30,1,ORCL,30,126.71,0.03232560799688478,1.0,0.0007371693308633762,0.039525691699604744
30,1,ORCL,31,126.71,0.03232560799688478,1.0,0.0007371693308633762,0.039525691699604744
30,2,MSFT,2,382.7,0.02543920418516542,1.0,0.000646651994771599,0.039525691699604744
30,2,MSFT,3,382.7,0.02543920418516542,1.0,0.000646651994771599,0.039525691699604744
30,2,MSFT,5,382.7,0.02543920418516542,1.0,0.000646651994771599,0.039525691699604744
30,2,MSFT,6,382.7,0.02543920418516542,1.0,0.000646651994771599,0.039525691699604744
30,2,MSFT,7,382.7,0.02543920418516542,1.0,0.000646651994771599,0.039525691699604744
30,2,MSFT,8,382.7,0.02543920418516542,1.0,0.000646651994771599,0.039525691699604744
30,2,MSFT,9,382.7,0.02543920418516542,1.0,0.000646651994771599,0.039525691699604744
30,2,MSFT,10,382.7,0.02543920418516542,1.0,0.000646651994771599,0.039525691699604744
30,2,MSFT,11,382.7,0.02543920418516542,1.0,0.000646651994771599,0.039525691699604744
30,2,MSFT,12,382.7,0.02543920418516542,1.0,0.000646651994771599,0.039525691699604744
30,2,MSFT,13,382.7,0.02543920418516542,1.0,0.000646651994771599,0.039525691699604744
30,2,MSFT,14,382.7,0.02543920418516542,1.0,0.000646651994771599,0.039525691699604744
30,2,MSFT,15,382.7,0.02543920418516542,1.0,0.000646651994771599,0.039525691699604744
30,2,MSFT,17,382.7,0.02543920418516542,1.0,0.000646651994771599,0.039525691699604744
30,2,MSFT,18,382.7,0.02543920418516542,1.0,0.000646651994771599,0.039525691699604744
30,2,MSFT,19,382.7,0.02543920418516542,1.0,0.000646651994771599,0.039525691699604744
30,2,MSFT,21,382.7,0.02543920418516542,1.0,0.000646651994771599,0.039525691699604744
30,2,MSFT,22,382.7,0.02543920418516542,1.0,0.000646651994771599,0.039525691699604744
30,2,MSFT,24,382.7,0.02543920418516542,1.0,0.000646651994771599,0.039525691699604744
30,2,MSFT,25,382.7,0.02543920418516542,1.0,0.000646651994771599,0.039525691699604744
30,2,MSFT,27,382.7,0.02543920418516542,1.0,0.000646651994771599,0.039525691699604744
30,2,MSFT,28,382.7,0.02543920418516542,1.0,0.000646651994771599,0.039525691699604744
30,2,MSFT,29,382.7,0.02543920418516542,1.0,0.000646651994771599,0.039525691699604744
30,2,MSFT,30,382.7,0.02543920418516542,1.0,0.000646651994771599,0.039525691699604744
30,2,MSFT,31,382.7,0.02543920418516542,1.0,0.000646651994771599,0.039525691699604744
30,3,KO,2,298.5,0.017945473845996332,1.0,0.00017573234988415185,0.039525691699604744
30,3,KO,3,298.5,0.017945473845996332,1.0,0.00017573234988415185,0.039525691699604744
30,3,KO,6,298.5,0.017945473845996332,1.0,0.00017573234988415185,0.039525691699604744
30,3,KO,7,298.5,0.017945473845996332,1.0,0.00017573234988415185,0.039525691699604744
30,3,KO,8,298.5,0.017945473845996332,1.0,0.00017573234988415185,0.039525691699604744
30,3,KO,9,298.5,0.017945473845996332,1.0,0.00017573234988415185,0.039525691699604744
30,3,KO,10,298.5,0.017945473845996332,1.0,0.00017573234988415185,0.039525691699604744
30,3,KO,11,298.5,0.017945473845996332,1.0,0.00017573234988415185,0.039525691699604744
30,3,KO,12,298.5,0.017945473845996332,1.0,0.00017573234988415185,0.039525691699604744
30,3,KO,14,298.5,0.017945473845996332,1.0,0.00017573234988415185,0.039525691699604744
30,3,KO,15,298.5,0.017945473845996332,1.0,0.00017573234988415185,0.039525691699604744
30,3,KO,17,298.5,0.017945473845996332,1.0,0.00017573234988415185,0.039525691699604744
30,3,KO,19,298.5,0.017945473845996332,1.0,0.00017573234988415185,0.039525691699604744
30,3,KO,22,298.5,0.017945473845996332,1.0,0.00017573234988415185,0.039525691699604744
30,3,KO,23,298.5,0.017945473845996332,1.0,0.00017573234988415185,0.039525691699604744
30,3,KO,25,298.5,0.017945473845996332,1.0,0.00017573234988415185,0.039525691699604744
30,3,KO,26,298.5,0.017945473845996332,1.0,0.00017573234988415185,0.039525691699604744
30,3,KO,27,298.5,0.017945473845996332,1.0,0.00017573234988415185,0.039525691699604744
30,3,KO,28,298.5,0.017945473845996332,1.0,0.00017573234988415185,0.039525691699604744
30,3,KO,30,298.5,0.017945473845996332,1.0,0.00017573234988415185,0.039525691699604744
30,3,KO,31,298.5,0.017945473845996332,1.0,0.00017573234988415185,0.039525691699604744
30,4,XOM,2,168.5,0.017016504122147384,1.0,0.000198962096475202,0.039525691699604744
30,4,XOM,3,168.5,0.017016504122147384,1.0,0.000198962096475202,0.039525691699604744
30,4,XOM,5,168.5,0.017016504122147384,1.0,0.000198962096475202,0.039525691699604744
30,4,XOM,6,168.5,0.017016504122147384,1.0,0.000198962096475202,0.039525691699604744
30,4,XOM,7,168.5,0.017016504122147384,1.0,0.000198962096475202,0.039525691699604744
30,4,XOM,8,168.5,0.017016504122147384,1.0,0.000198962096475202,0.039525691699604744
30,4,XOM,10,168.5,0.017016504122147384,1.0,0.000198962096475202,0.039525691699604744
30,4,XOM,11,168.5,0.017016504122147384,1.0,0.000198962096475202,0.039525691699604744
30,4,XOM,12,168.5,0.017016504122147384,1.0,0.000198962096475202,0.039525691699604744
30,4,XOM,13,168.5,0.017016504122147384,1.0,0.000198962096475202,0.039525691699604744
30,4,XOM,14,168.5,0.017016504122147384,1.0,0.000198962096475202,0.039525691699604744
30,4,XOM,15,168.5,0.017016504122147384,1.0,0.000198962096475202,0.039525691699604744
30,4,XOM,16,168.5,0.017016504122147384,1.0,0.000198962096475202,0.039525691699604744
30,4,XOM,17,168.5,0.017016504122147384,1.0,0.000198962096475202,0.039525691699604744
30,4,XOM,18,168.5,0.017016504122147384,1.0,0.000198962096475202,0.039525691699604744
30,4,XOM,19,168.5,0.017016504122147384,1.0,0.000198962096475202,0.039525691699604744
30,4,XOM,20,168.5,0.017016504122147384,1.0,0.000198962096475202,0.039525691699604744
30,4,XOM,21,168.5,0.017016504122147384,1.0,0.000198962096475202,0.039525691699604744
30,4,XOM,22,168.5,0.017016504122147384,1.0,0.000198962096475202,0.039525691699604744
30,4,XOM,23,168.5,0.017016504122147384,1.0,0.000198962096475202,0.039525691699604744
30,4,XOM,24,168.5,0.017016504122147384,1.0,0.000198962096475202,0.039525691699604744
30,4,XOM,25,168.5,0.017016504122147384,1.0,0.000198962096475202,0.039525691699604744
30,4,XOM,26,168.5,0.017016504122147384,1.0,0.000198962096475202,0.039525691699604744
30,4,XOM,27,168.5,0.017016504122147384,1.0,0.000198962096475202,0.039525691699604744
30,4,XOM,29,168.5,0.017016504122147384,1.0,0.000198962096475202,0.039525691699604744
30,4,XOM,30,168.5,0.017016504122147384,1.0,0.000198962096475202,0.039525691699604744
30,4,XOM,31,168.5,0.017016504122147384,1.0,0.000198962096475202,0.039525691699604744
30,5,META,2,382.18,0.02528046067619272,1.0,0.0010818737313607978,0.039525691699604744
30,5,META,3,382.18,0.02528046067619272,1.0,0.0010818737313607978,0.039525691699604744
30,5,META,4,382.18,0.02528046067619272,1.0,0.0010818737313607978,0.039525691699604744
30,5,META,5,382.18,0.02528046067619272,1.0,0.0010818737313607978,0.039525691699604744
30,5,META,6,382.18,0.02528046067619272,1.0,0.0010818737313607978,0.039525691699604744
30,5,META,8,382.18,0.02528046067619272,1.0,0.0010818737313607978,0.039525691699604744
30,5,META,10,382.18,0.02528046067619272,1.0,0.0010818737313607978,0.039525691699604744
30,5,META,11,382.18,0.02528046067619272,1.0,0.0010818737313607978,0.039525691699604744
30,5,META,12,382.18,0.02528046067619272,1.0,0.0010818737313607978,0.039525691699604744
30,5,META,14,382.18,0.02528046067619272,1.0,0.0010818737313607978,0.039525691699604744
30,5,META,15,382.18,0.02528046067619272,1.0,0.0010818737313607978,0.039525691699604744
30,5,META,16,382.18,0.02528046067619272,1.0,0.0010818737313607978,0.039525691699604744
30,5,META,17,382.18,0.02528046067619272,1.0,0.0010818737313607978,0.039525691699604744
30,5,META,18,382.18,0.02528046067619272,1.0,0.0010818737313607978,0.039525691699604744
30,5,META,19,382.18,0.02528046067619272,1.0,0.0010818737313607978,0.039525691699604744
30,5,META,21,382.18,0.02528046067619272,1.0,0.0010818737313607978,0.039525691699604744
30,5,META,22,382.18,0.02528046067619272,1.0,0.0010818737313607978,0.039525691699604744
30,5,META,24,382.18,0.02528046067619272,1.0,0.0010818737313607978,0.039525691699604744
30,5,META,25,382.18,0.02528046067619272,1.0,0.0010818737313607978,0.039525691699604744
30,5,META,26,382.18,0.02528046067619272,1.0,0.0010818737313607978,0.039525691699604744
30,5,META,27,382.18,0.02528046067619272,1.0,0.0010818737313607978,0.039525691699604744
30,5,META,28,382.18,0.02528046067619272,1.0,0.0010818737313607978,0.039525691699604744
30,5,META,29,382.18,0.02528046067619272,1.0,0.0010818737313607978,0.039525691699604744
30,5,META,30,382.18,0.02528046067619272,1.0,0.0010818737313607978,0.039525691699604744
30,5,META,31,382.18,0.02528046067619272,1.0,0.0010818737313607978,0.039525691699604744
30,6,ABBV,2,174.96,0.01680794463722484,1.0,0.0006789097973845323,0.039525691699604744
30,6,ABBV,3,174.96,0.01680794463722484,1.0,0.0006789097973845323,0.039525691699604744
30,6,ABBV,5,174.96,0.01680794463722484,1.0,0.0006789097973845323,0.039525691699604744
30,6,ABBV,9,174.96,0.01680794463722484,1.0,0.0006789097973845323,0.039525691699604744
30,6,ABBV,10,174.96,0.01680794463722484,1.0,0.0006789097973845323,0.039525691699604744
30,6,ABBV,11,174.96,0.01680794463722484,1.0,0.0006789097973845323,0.039525691699604744
30,6,ABBV,12,174.96,0.01680794463722484,1.0,0.0006789097973845323,0.039525691699604744
30,6,ABBV,13,174.96,0.01680794463722484,1.0,0.0006789097973845323,0.039525691699604744
30,6,ABBV,14,174.96,0.01680794463722484,1.0,0.0006789097973845323,0.039525691699604744
30,6,ABBV,16,174.96,0.01680794463722484,1.0,0.0006789097973845323,0.039525691699604744
30,6,ABBV,17,174.96,0.01680794463722484,1.0,0.0006789097973845323,0.039525691699604744
30,6,ABBV,18,174.96,0.01680794463722484,1.0,0.0006789097973845323,0.039525691699604744
30,6,ABBV,19,174.96,0.01680794463722484,1.0,0.0006789097973845323,0.039525691699604744
30,6,ABBV,20,174.96,0.01680794463722484,1.0,0.0006789097973845323,0.039525691699604744
30,6,ABBV,21,174.96,0.01680794463722484,1.0,0.0006789097973845323,0.039525691699604744
30,6,ABBV,22,174.96,0.01680794463722484,1.0,0.0006789097973845323,0.039525691699604744
30,6,ABBV,23,174.96,0.01680794463722484,1.0,0.0006789097973845323,0.039525691699604744
30,6,ABBV,24,174.96,0.01680794463722484,1.0,0.0006789097973845323,0.039525691699604744
30,6,ABBV,25,174.96,0.01680794463722484,1.0,0.0006789097973845323,0.039525691699604744
30,6,ABBV,26,174.96,0.01680794463722484,1.0,0.0006789097973845323,0.039525691699604744
30,6,ABBV,27,174.96,0.01680794463722484,1.0,0.0006789097973845323,0.039525691699604744
30,6,ABBV,29,174.96,0.01680794463722484,1.0,0.0006789097973845323,0.039525691699604744
30,6,ABBV,30,174.96,0.01680794463722484,1.0,0.0006789097973845323,0.039525691699604744
30,6,ABBV,31,174.96,0.01680794463722484,1.0,0.0006789097973845323,0.039525691699604744
30,7,PEP,2,196.12,0.028769429044756857,1.0,0.0005555883647352249,0.039525691699604744
30,7,PEP,3,196.12,0.028769429044756857,1.0,0.0005555883647352249,0.039525691699604744
30,7,PEP,4,196.12,0.028769429044756857,1.0,0.0005555883647352249,0.039525691699604744
30,7,PEP,5,196.12,0.028769429044756857,1.0,0.0005555883647352249,0.039525691699604744
30,7,PEP,6,196.12,0.028769429044756857,1.0,0.0005555883647352249,0.039525691699604744
30,7,PEP,7,196.12,0.028769429044756857,1.0,0.0005555883647352249,0.039525691699604744
30,7,PEP,8,196.12,0.028769429044756857,1.0,0.0005555883647352249,0.039525691699604744
30,7,PEP,10,196.12,0.028769429044756857,1.0,0.0005555883647352249,0.039525691699604744
30,7,PEP,11,196.12,0.028769429044756857,1.0,0.0005555883647352249,0.039525691699604744
30,7,PEP,12,196.12,0.028769429044756857,1.0,0.0005555883647352249,0.039525691699604744
30,7,PEP,13,196.12,0.028769429044756857,1.0,0.0005555883647352249,0.039525691699604744
30,7,PEP,14,196.12,0.028769429044756857,1.0,0.0005555883647352249,0.039525691699604744
30,7,PEP,15,196.12,0.028769429044756857,1.0,0.0005555883647352249,0.039525691699604744
30,7,PEP,16,196.12,0.028769429044756857,1.0,0.0005555883647352249,0.039525691699604744
30,7,PEP,18,196.12,0.028769429044756857,1.0,0.0005555883647352249,0.039525691699604744
30,7,PEP,19,196.12,0.028769429044756857,1.0,0.0005555883647352249,0.039525691699604744
30,7,PEP,20,196.12,0.028769429044756857,1.0,0.0005555883647352249,0.039525691699604744
30,7,PEP,21,196.12,0.028769429044756857,1.0,0.0005555883647352249,0.039525691699604744
30,7,PEP,22,196.12,0.028769429044756857,1.0,0.0005555883647352249,0.039525691699604744
30,7,PEP,24,196.12,0.028769429044756857,1.0,0.0005555883647352249,0.039525691699604744
30,7,PEP,25,196.12,0.028769429044756857,1.0,0.0005555883647352249,0.039525691699604744
30,7,PEP,26,196.12,0.028769429044756857,1.0,0.0005555883647352249,0.039525691699604744
30,7,PEP,27,196.12,0.028769429044756857,1.0,0.0005555883647352249,0.039525691699604744
30,7,PEP,28,196.12,0.028769429044756857,1.0,0.0005555883647352249,0.039525691699604744
30,7,PEP,29,196.12,0.028769429044756857,1.0,0.0005555883647352249,0.039525691699604744
30,7,PEP,30,196.12,0.028769429044756857,1.0,0.0005555883647352249,0.039525691699604744
30,7,PEP,31,196.12,0.028769429044756857,1.0,0.0005555883647352249,0.039525691699604744
30,8,AMGN,4,292.39,0.026461674260429988,1.0,0.0006709522272626046,0.039525691699604744
30,8,AMGN,5,292.39,0.026461674260429988,1.0,0.0006709522272626046,0.039525691699604744
30,8,AMGN,6,292.39,0.026461674260429988,1.0,0.0006709522272626046,0.039525691699604744
30,8,AMGN,7,292.39,0.026461674260429988,1.0,0.0006709522272626046,0.039525691699604744
30,8,AMGN,9,292.39,0.026461674260429988,1.0,0.0006709522272626046,0.039525691699604744
30,8,AMGN,10,292.39,0.026461674260429988,1.0,0.0006709522272626046,0.039525691699604744
30,8,AMGN,12,292.39,0.026461674260429988,1.0,0.0006709522272626046,0.039525691699604744
30,8,AMGN,13,292.39,0.026461674260429988,1.0,0.0006709522272626046,0.039525691699604744
30,8,AMGN,14,292.39,0.026461674260429988,1.0,0.0006709522272626046,0.039525691699604744
30,8,AMGN,16,292.39,0.026461674260429988,1.0,0.0006709522272626046,0.039525691699604744
30,8,AMGN,17,292.39,0.026461674260429988,1.0,0.0006709522272626046,0.039525691699604744
30,8,AMGN,18,292.39,0.026461674260429988,1.0,0.0006709522272626046,0.039525691699604744
30,8,AMGN,19,292.39,0.026461674260429988,1.0,0.0006709522272626046,0.039525691699604744
30,8,AMGN,21,292.39,0.026461674260429988,1.0,0.0006709522272626046,0.039525691699604744
30,8,AMGN,22,292.39,0.026461674260429988,1.0,0.0006709522272626046,0.039525691699604744
30,8,AMGN,23,292.39,0.026461674260429988,1.0,0.0006709522272626046,0.039525691699604744
30,8,AMGN,24,292.39,0.026461674260429988,1.0,0.0006709522272626046,0.039525691699604744
30,8,AMGN,25,292.39,0.026461674260429988,1.0,0.0006709522272626046,0.039525691699604744
30,8,AMGN,26,292.39,0.026461674260429988,1.0,0.0006709522272626046,0.039525691699604744
30,8,AMGN,27,292.39,0.026461674260429988,1.0,0.0006709522272626046,0.039525691699604744
30,8,AMGN,28,292.39,0.026461674260429988,1.0,0.0006709522272626046,0.039525691699604744
30,8,AMGN,29,292.39,0.026461674260429988,1.0,0.0006709522272626046,0.039525691699604744
30,8,AMGN,30,292.39,0.026461674260429988,1.0,0.0006709522272626046,0.039525691699604744
30,8,AMGN,31,292.39,0.026461674260429988,1.0,0.0006709522272626046,0.039525691699604744
30,9,CVX,5,188.05,0.017571020792893053,1.0,0.0002054980964363047,0.039525691699604744
30,9,CVX,6,188.05,0.017571020792893053,1.0,0.0002054980964363047,0.039525691699604744
30,9,CVX,7,188.05,0.017571020792893053,1.0,0.0002054980964363047,0.039525691699604744
30,9,CVX,8,188.05,0.017571020792893053,1.0,0.0002054980964363047,0.039525691699604744
30,9,CVX,9,188.05,0.017571020792893053,1.0,0.0002054980964363047,0.039525691699604744
30,9,CVX,10,188.05,0.017571020792893053,1.0,0.0002054980964363047,0.039525691699604744
30,9,CVX,11,188.05,0.017571020792893053,1.0,0.0002054980964363047,0.039525691699604744
30,9,CVX,12,188.05,0.017571020792893053,1.0,0.0002054980964363047,0.039525691699604744
30,9,CVX,13,188.05,0.017571020792893053,1.0,0.0002054980964363047,0.039525691699604744
30,9,CVX,15,188.05,0.017571020792893053,1.0,0.0002054980964363047,0.039525691699604744
30,9,CVX,16,188.05,0.017571020792893053,1.0,0.0002054980964363047,0.039525691699604744
30,9,CVX,17,188.05,0.017571020792893053,1.0,0.0002054980964363047,0.039525691699604744
30,9,CVX,18,188.05,0.017571020792893053,1.0,0.0002054980964363047,0.039525691699604744
30,9,CVX,19,188.05,0.017571020792893053,1.0,0.0002054980964363047,0.039525691699604744
30,9,CVX,21,188.05,0.017571020792893053,1.0,0.0002054980964363047,0.039525691699604744
30,9,CVX,22,188.05,0.017571020792893053,1.0,0.0002054980964363047,0.039525691699604744
30,9,CVX,23,188.05,0.017571020792893053,1.0,0.0002054980964363047,0.039525691699604744
30,9,CVX,24,188.05,0.017571020792893053,1.0,0.0002054980964363047,0.039525691699604744
30,9,CVX,25,188.05,0.017571020792893053,1.0,0.0002054980964363047,0.039525691699604744
30,9,CVX,26,188.05,0.017571020792893053,1.0,0.0002054980964363047,0.039525691699604744
30,9,CVX,28,188.05,0.017571020792893053,1.0,0.0002054980964363047,0.039525691699604744
30,9,CVX,29,188.05,0.017571020792893053,1.0,0.0002054980964363047,0.039525691699604744
30,9,CVX,30,188.05,0.017571020792893053,1.0,0.0002054980964363047,0.039525691699604744
30,9,CVX,31,188.05,0.017571020792893053,1.0,0.0002054980964363047,0.039525691699604744
30,10,GOOG,5,3014.1799,0.026125635586919622,1.0,0.0004307486864829829,0.039525691699604744
30,10,GOOG,7,3014.1799,0.026125635586919622,1.0,0.0004307486864829829,0.039525691699604744
30,10,GOOG,8,3014.1799,0.026125635586919622,1.0,0.0004307486864829829,0.039525691699604744
30,10,GOOG,9,3014.1799,0.026125635586919622,1.0,0.0004307486864829829,0.039525691699604744
30,10,GOOG,10,3014.1799,0.026125635586919622,1.0,0.0004307486864829829,0.039525691699604744
30,10,GOOG,12,3014.1799,0.026125635586919622,1.0,0.0004307486864829829,0.039525691699604744
30,10,GOOG,13,3014.1799,0.026125635586919622,1.0,0.0004307486864829829,0.039525691699604744
30,10,GOOG,14,3014.1799,0.026125635586919622,1.0,0.0004307486864829829,0.039525691699604744
30,10,GOOG,15,3014.1799,0.026125635586919622,1.0,0.0004307486864829829,0.039525691699604744
30,10,GOOG,16,3014.1799,0.026125635586919622,1.0,0.0004307486864829829,0.039525691699604744
30,10,GOOG,17,3014.1799,0.026125635586919622,1.0,0.0004307486864829829,0.039525691699604744
30,10,GOOG,18,3014.1799,0.026125635586919622,1.0,0.0004307486864829829,0.039525691699604744
30,10,GOOG,19,3014.1799,0.026125635586919622,1.0,0.0004307486864829829,0.039525691699604744
30,10,GOOG,20,3014.1799,0.026125635586919622,1.0,0.0004307486864829829,0.039525691699604744
30,10,GOOG,21,3014.1799,0.026125635586919622,1.0,0.0004307486864829829,0.039525691699604744
30,10,GOOG,22,3014.1799,0.026125635586919622,1.0,0.0004307486864829829,0.039525691699604744
30,10,GOOG,23,3014.1799,0.026125635586919622,1.0,0.0004307486864829829,0.039525691699604744
30,10,GOOG,24,3014.1799,0.026125635586919622,1.0,0.0004307486864829829,0.039525691699604744
30,10,GOOG,25,3014.1799,0.026125635586919622,1.0,0.0004307486864829829,0.039525691699604744
30,10,GOOG,26,3014.1799,0.026125635586919622,1.0,0.0004307486864829829,0.039525691699604744
30,10,GOOG,28,3014.1799,0.026125635586919622,1.0,0.0004307486864829829,0.039525691699604744
30,10,GOOG,29,3014.1799,0.026125635586919622,1.0,0.0004307486864829829,0.039525691699604744
30,10,GOOG,30,3014.1799,0.026125635586919622,1.0,0.0004307486864829829,0.039525691699604744
30,10,GOOG,31,3014.1799,0.026125635586919622,1.0,0.0004307486864829829,0.039525691699604744
30,11,AAPL,3,702.1,0.03104427479945671,1.0,0.0007754444901392683,0.039525691699604744
30,11,AAPL,4,702.1,0.03104427479945671,1.0,0.0007754444901392683,0.039525691699604744
30,11,AAPL,6,702.1,0.03104427479945671,1.0,0.0007754444901392683,0.039525691699604744
30,11,AAPL,7,702.1,0.03104427479945671,1.0,0.0007754444901392683,0.039525691699604744
30,11,AAPL,8,702.1,0.03104427479945671,1.0,0.0007754444901392683,0.039525691699604744
30,11,AAPL,9,702.1,0.03104427479945671,1.0,0.0007754444901392683,0.039525691699604744
30,11,AAPL,10,702.1,0.03104427479945671,1.0,0.0007754444901392683,0.039525691699604744
30,11,AAPL,11,702.1,0.03104427479945671,1.0,0.0007754444901392683,0.039525691699604744
30,11,AAPL,12,702.1,0.03104427479945671,1.0,0.0007754444901392683,0.039525691699604744
30,11,AAPL,13,702.1,0.03104427479945671,1.0,0.0007754444901392683,0.039525691699604744
30,11,AAPL,14,702.1,0.03104427479945671,1.0,0.0007754444901392683,0.039525691699604744
30,11,AAPL,15,702.1,0.03104427479945671,1.0,0.0007754444901392683,0.039525691699604744
30,11,AAPL,16,702.1,0.03104427479945671,1.0,0.0007754444901392683,0.039525691699604744
30,11,AAPL,17,702.1,0.03104427479945671,1.0,0.0007754444901392683,0.039525691699604744
30,11,AAPL,18,702.1,0.03104427479945671,1.0,0.0007754444901392683,0.039525691699604744
30,11,AAPL,19,702.1,0.03104427479945671,1.0,0.0007754444901392683,0.039525691699604744
30,11,AAPL,21,702.1,0.03104427479945671,1.0,0.0007754444901392683,0.039525691699604744
30,11,AAPL,22,702.1,0.03104427479945671,1.0,0.0007754444901392683,0.039525691699604744
30,11,AAPL,23,702.1,0.03104427479945671,1.0,0.0007754444901392683,0.039525691699604744
30,11,AAPL,24,702.1,0.03104427479945671,1.0,0.0007754444901392683,0.039525691699604744
30,11,AAPL,25,702.1,0.03104427479945671,1.0,0.0007754444901392683,0.039525691699604744
30,11,AAPL,26,702.1,0.03104427479945671,1.0,0.0007754444901392683,0.039525691699604744
30,11,AAPL,27,702.1,0.03104427479945671,1.0,0.0007754444901392683,0.039525691699604744
30,11,AAPL,28,702.1,0.03104427479945671,1.0,0.0007754444901392683,0.039525691699604744
30,11,AAPL,29,702.1,0.03104427479945671,1.0,0.0007754444901392683,0.039525691699604744
30,11,AAPL,30,702.1,0.03104427479945671,1.0,0.0007754444901392683,0.039525691699604744
30,11,AAPL,31,702.1,0.03104427479945671,1.0,0.0007754444901392683,0.039525691699604744
30,12,TXN,2,254.625,0.044462844383564425,1.0,0.0010841439368727726,0.039525691699604744
30,12,TXN,3,254.625,0.044462844383564425,1.0,0.0010841439368727726,0.039525691699604744
30,12,TXN,5,254.625,0.044462844383564425,1.0,0.0010841439368727726,0.039525691699604744
30,12,TXN,6,254.625,0.044462844383564425,1.0,0.0010841439368727726,0.039525691699604744
30,12,TXN,8,254.625,0.044462844383564425,1.0,0.0010841439368727726,0.039525691699604744
30,12,TXN,10,254.625,0.044462844383564425,1.0,0.0010841439368727726,0.039525691699604744
30,12,TXN,11,254.625,0.044462844383564425,1.0,0.0010841439368727726,0.039525691699604744
30,12,TXN,12,254.625,0.044462844383564425,1.0,0.0010841439368727726,0.039525691699604744
30,12,TXN,14,254.625,0.044462844383564425,1.0,0.0010841439368727726,0.039525691699604744
30,12,TXN,15,254.625,0.044462844383564425,1.0,0.0010841439368727726,0.039525691699604744
30,12,TXN,16,254.625,0.044462844383564425,1.0,0.0010841439368727726,0.039525691699604744
30,12,TXN,18,254.625,0.044462844383564425,1.0,0.0010841439368727726,0.039525691699604744
30,12,TXN,19,254.625,0.044462844383564425,1.0,0.0010841439368727726,0.039525691699604744
30,12,TXN,20,254.625,0.044462844383564425,1.0,0.0010841439368727726,0.039525691699604744
30,12,TXN,21,254.625,0.044462844383564425,1.0,0.0010841439368727726,0.039525691699604744
30,12,TXN,22,254.625,0.044462844383564425,1.0,0.0010841439368727726,0.039525691699604744
30,12,TXN,23,254.625,0.044462844383564425,1.0,0.0010841439368727726,0.039525691699604744
30,12,TXN,24,254.625,0.044462844383564425,1.0,0.0010841439368727726,0.039525691699604744
30,12,TXN,25,254.625,0.044462844383564425,1.0,0.0010841439368727726,0.039525691699604744
30,12,TXN,26,254.625,0.044462844383564425,1.0,0.0010841439368727726,0.039525691699604744
30,12,TXN,27,254.625,0.044462844383564425,1.0,0.0010841439368727726,0.039525691699604744
30,12,TXN,28,254.625,0.044462844383564425,1.0,0.0010841439368727726,0.039525691699604744
30,12,TXN,29,254.625,0.044462844383564425,1.0,0.0010841439368727726,0.039525691699604744
30,12,TXN,30,254.625,0.044462844383564425,1.0,0.0010841439368727726,0.039525691699604744
30,12,TXN,31,254.625,0.044462844383564425,1.0,0.0010841439368727726,0.039525691699604744
30,13,PG,2,164.21,0.016526932551944148,1.0,0.00017773866715979883,0.039525691699604744
30,13,PG,4,164.21,0.016526932551944148,1.0,0.00017773866715979883,0.039525691699604744
30,13,PG,6,164.21,0.016526932551944148,1.0,0.00017773866715979883,0.039525691699604744
30,13,PG,8,164.21,0.016526932551944148,1.0,0.00017773866715979883,0.039525691699604744
30,13,PG,10,164.21,0.016526932551944148,1.0,0.00017773866715979883,0.039525691699604744
30,13,PG,11,164.21,0.016526932551944148,1.0,0.00017773866715979883,0.039525691699604744
30,13,PG,12,164.21,0.016526932551944148,1.0,0.00017773866715979883,0.039525691699604744
30,13,PG,13,164.21,0.016526932551944148,1.0,0.00017773866715979883,0.039525691699604744
30,13,PG,14,164.21,0.016526932551944148,1.0,0.00017773866715979883,0.039525691699604744
30,13,PG,15,164.21,0.016526932551944148,1.0,0.00017773866715979883,0.039525691699604744
30,13,PG,16,164.21,0.016526932551944148,1.0,0.00017773866715979883,0.039525691699604744
30,13,PG,17,164.21,0.016526932551944148,1.0,0.00017773866715979883,0.039525691699604744
30,13,PG,18,164.21,0.016526932551944148,1.0,0.00017773866715979883,0.039525691699604744
30,13,PG,19,164.21,0.016526932551944148,1.0,0.00017773866715979883,0.039525691699604744
30,13,PG,20,164.21,0.016526932551944148,1.0,0.00017773866715979883,0.039525691699604744
30,13,PG,21,164.21,0.016526932551944148,1.0,0.00017773866715979883,0.039525691699604744
30,13,PG,22,164.21,0.016526932551944148,1.0,0.00017773866715979883,0.039525691699604744
30,13,PG,23,164.21,0.016526932551944148,1.0,0.00017773866715979883,0.039525691699604744
30,13,PG,24,164.21,0.016526932551944148,1.0,0.00017773866715979883,0.039525691699604744
30,13,PG,25,164.21,0.016526932551944148,1.0,0.00017773866715979883,0.039525691699604744
30,13,PG,26,164.21,0.016526932551944148,1.0,0.00017773866715979883,0.039525691699604744
30,13,PG,27,164.21,0.016526932551944148,1.0,0.00017773866715979883,0.039525691699604744
30,13,PG,28,164.21,0.016526932551944148,1.0,0.00017773866715979883,0.039525691699604744
30,13,PG,29,164.21,0.016526932551944148,1.0,0.00017773866715979883,0.039525691699604744
30,13,PG,30,164.21,0.016526932551944148,1.0,0.00017773866715979883,0.039525691699604744
30,13,PG,31,164.21,0.016526932551944148,1.0,0.00017773866715979883,0.039525691699604744
30,14,BA,2,440.62,0.024561006124369848,1.0,0.0004605200427116954,0.039525691699604744
30,14,BA,3,440.62,0.024561006124369848,1.0,0.0004605200427116954,0.039525691699604744
30,14,BA,4,440.62,0.024561006124369848,1.0,0.0004605200427116954,0.039525691699604744
30,14,BA,5,440.62,0.024561006124369848,1.0,0.0004605200427116954,0.039525691699604744
30,14,BA,6,440.62,0.024561006124369848,1.0,0.0004605200427116954,0.039525691699604744
30,14,BA,7,440.62,0.024561006124369848,1.0,0.0004605200427116954,0.039525691699604744
30,14,BA,10,440.62,0.024561006124369848,1.0,0.0004605200427116954,0.039525691699604744
30,14,BA,11,440.62,0.024561006124369848,1.0,0.0004605200427116954,0.039525691699604744
30,14,BA,13,440.62,0.024561006124369848,1.0,0.0004605200427116954,0.039525691699604744
30,14,BA,14,440.62,0.024561006124369848,1.0,0.0004605200427116954,0.039525691699604744
30,14,BA,15,440.62,0.024561006124369848,1.0,0.0004605200427116954,0.039525691699604744
30,14,BA,17,440.62,0.024561006124369848,1.0,0.0004605200427116954,0.039525691699604744
30,14,BA,18,440.62,0.024561006124369848,1.0,0.0004605200427116954,0.039525691699604744
30,14,BA,20,440.62,0.024561006124369848,1.0,0.0004605200427116954,0.039525691699604744
30,14,BA,21,440.62,0.024561006124369848,1.0,0.0004605200427116954,0.039525691699604744
30,14,BA,22,440.62,0.024561006124369848,1.0,0.0004605200427116954,0.039525691699604744
30,14,BA,23,440.62,0.024561006124369848,1.0,0.0004605200427116954,0.039525691699604744
30,14,BA,24,440.62,0.024561006124369848,1.0,0.0004605200427116954,0.039525691699604744
30,14,BA,25,440.62,0.024561006124369848,1.0,0.0004605200427116954,0.039525691699604744
30,14,BA,26,440.62,0.024561006124369848,1.0,0.0004605200427116954,0.039525691699604744
30,14,BA,27,440.62,0.024561006124369848,1.0,0.0004605200427116954,0.039525691699604744
30,14,BA,28,440.62,0.024561006124369848,1.0,0.0004605200427116954,0.039525691699604744
30,14,BA,29,440.62,0.024561006124369848,1.0,0.0004605200427116954,0.039525691699604744
30,14,BA,30,440.62,0.024561006124369848,1.0,0.0004605200427116954,0.039525691699604744
30,14,BA,31,440.62,0.024561006124369848,1.0,0.0004605200427116954,0.039525691699604744
30,15,ABT,2,141.46,0.018917985499992834,1.0,0.0002498890784599357,0.039525691699604744
30,15,ABT,3,141.46,0.018917985499992834,1.0,0.0002498890784599357,0.039525691699604744
30,15,ABT,4,141.46,0.018917985499992834,1.0,0.0002498890784599357,0.039525691699604744
30,15,ABT,5,141.46,0.018917985499992834,1.0,0.0002498890784599357,0.039525691699604744
30,15,ABT,7,141.46,0.018917985499992834,1.0,0.0002498890784599357,0.039525691699604744
30,15,ABT,8,141.46,0.018917985499992834,1.0,0.0002498890784599357,0.039525691699604744
30,15,ABT,9,141.46,0.018917985499992834,1.0,0.0002498890784599357,0.039525691699604744
30,15,ABT,10,141.46,0.018917985499992834,1.0,0.0002498890784599357,0.039525691699604744
30,15,ABT,12,141.46,0.018917985499992834,1.0,0.0002498890784599357,0.039525691699604744
30,15,ABT,13,141.46,0.018917985499992834,1.0,0.0002498890784599357,0.039525691699604744
30,15,ABT,14,141.46,0.018917985499992834,1.0,0.0002498890784599357,0.039525691699604744
30,15,ABT,16,141.46,0.018917985499992834,1.0,0.0002498890784599357,0.039525691699604744
30,15,ABT,17,141.46,0.018917985499992834,1.0,0.0002498890784599357,0.039525691699604744
30,15,ABT,18,141.46,0.018917985499992834,1.0,0.0002498890784599357,0.039525691699604744
30,15,ABT,19,141.46,0.018917985499992834,1.0,0.0002498890784599357,0.039525691699604744
30,15,ABT,20,141.46,0.018917985499992834,1.0,0.0002498890784599357,0.039525691699604744
30,15,ABT,21,141.46,0.018917985499992834,1.0,0.0002498890784599357,0.039525691699604744
30,15,ABT,22,141.46,0.018917985499992834,1.0,0.0002498890784599357,0.039525691699604744
30,15,ABT,23,141.46,0.018917985499992834,1.0,0.0002498890784599357,0.039525691699604744
30,15,ABT,24,141.46,0.018917985499992834,1.0,0.0002498890784599357,0.039525691699604744
30,15,ABT,25,141.46,0.018917985499992834,1.0,0.0002498890784599357,0.039525691699604744
30,15,ABT,26,141.46,0.018917985499992834,1.0,0.0002498890784599357,0.039525691699604744
30,15,ABT,27,141.46,0.018917985499992834,1.0,0.0002498890784599357,0.039525691699604744
30,15,ABT,28,141.46,0.018917985499992834,1.0,0.0002498890784599357,0.039525691699604744
30,15,ABT,29,141.46,0.018917985499992834,1.0,0.0002498890784599357,0.039525691699604744
30,15,ABT,30,141.46,0.018917985499992834,1.0,0.0002498890784599357,0.039525691699604744
30,15,ABT,31,141.46,0.018917985499992834,1.0,0.0002498890784599357,0.039525691699604744
30,16,PFE,2,150.125,0.021173678939203713,1.0,0.00026282660779542745,0.039525691699604744
30,16,PFE,3,150.125,0.021173678939203713,1.0,0.00026282660779542745,0.039525691699604744
30,16,PFE,4,150.125,0.021173678939203713,1.0,0.00026282660779542745,0.039525691699604744
30,16,PFE,5,150.125,0.021173678939203713,1.0,0.00026282660779542745,0.039525691699604744
30,16,PFE,6,150.125,0.021173678939203713,1.0,0.00026282660779542745,0.039525691699604744
30,16,PFE,7,150.125,0.021173678939203713,1.0,0.00026282660779542745,0.039525691699604744
30,16,PFE,8,150.125,0.021173678939203713,1.0,0.00026282660779542745,0.039525691699604744
30,16,PFE,9,150.125,0.021173678939203713,1.0,0.00026282660779542745,0.039525691699604744
30,16,PFE,10,150.125,0.021173678939203713,1.0,0.00026282660779542745,0.039525691699604744
30,16,PFE,11,150.125,0.021173678939203713,1.0,0.00026282660779542745,0.039525691699604744
30,16,PFE,12,150.125,0.021173678939203713,1.0,0.00026282660779542745,0.039525691699604744
30,16,PFE,13,150.125,0.021173678939203713,1.0,0.00026282660779542745,0.039525691699604744
30,16,PFE,14,150.125,0.021173678939203713,1.0,0.00026282660779542745,0.039525691699604744
30,16,PFE,15,150.125,0.021173678939203713,1.0,0.00026282660779542745,0.039525691699604744
30,16,PFE,16,150.125,0.021173678939203713,1.0,0.00026282660779542745,0.039525691699604744
30,16,PFE,17,150.125,0.021173678939203713,1.0,0.00026282660779542745,0.039525691699604744
30,16,PFE,18,150.125,0.021173678939203713,1.0,0.00026282660779542745,0.039525691699604744
30,16,PFE,19,150.125,0.021173678939203713,1.0,0.00026282660779542745,0.039525691699604744
30,16,PFE,20,150.125,0.021173678939203713,1.0,0.00026282660779542745,0.039525691699604744
30,16,PFE,21,150.125,0.021173678939203713,1.0,0.00026282660779542745,0.039525691699604744
30,16,PFE,22,150.125,0.021173678939203713,1.0,0.00026282660779542745,0.039525691699604744
30,16,PFE,23,150.125,0.021173678939203713,1.0,0.00026282660779542745,0.039525691699604744
30,16,PFE,24,150.125,0.021173678939203713,1.0,0.00026282660779542745,0.039525691699604744
30,16,PFE,25,150.125,0.021173678939203713,1.0,0.00026282660779542745,0.039525691699604744
30,16,PFE,26,150.125,0.021173678939203713,1.0,0.00026282660779542745,0.039525691699604744
30,16,PFE,27,150.125,0.021173678939203713,1.0,0.00026282660779542745,0.039525691699604744
30,16,PFE,28,150.125,0.021173678939203713,1.0,0.00026282660779542745,0.039525691699604744
30,16,PFE,29,150.125,0.021173678939203713,1.0,0.00026282660779542745,0.039525691699604744
30,16,PFE,30,150.125,0.021173678939203713,1.0,0.00026282660779542745,0.039525691699604744
30,16,PFE,31,150.125,0.021173678939203713,1.0,0.00026282660779542745,0.039525691699604744
30,17,JNJ,2,246.0,0.019007263632570597,1.0,0.00031004352395213995,0.039525691699604744
30,17,JNJ,4,246.0,0.019007263632570597,1.0,0.00031004352395213995,0.039525691699604744
30,17,JNJ,7,246.0,0.019007263632570597,1.0,0.00031004352395213995,0.039525691699604744
30,17,JNJ,9,246.0,0.019007263632570597,1.0,0.00031004352395213995,0.039525691699604744
30,17,JNJ,10,246.0,0.019007263632570597,1.0,0.00031004352395213995,0.039525691699604744
30,17,JNJ,11,246.0,0.019007263632570597,1.0,0.00031004352395213995,0.039525691699604744
30,17,JNJ,13,246.0,0.019007263632570597,1.0,0.00031004352395213995,0.039525691699604744
30,17,JNJ,14,246.0,0.019007263632570597,1.0,0.00031004352395213995,0.039525691699604744
30,17,JNJ,15,246.0,0.019007263632570597,1.0,0.00031004352395213995,0.039525691699604744
30,17,JNJ,16,246.0,0.019007263632570597,1.0,0.00031004352395213995,0.039525691699604744
30,17,JNJ,19,246.0,0.019007263632570597,1.0,0.00031004352395213995,0.039525691699604744
30,17,JNJ,20,246.0,0.019007263632570597,1.0,0.00031004352395213995,0.039525691699604744
30,17,JNJ,21,246.0,0.019007263632570597,1.0,0.00031004352395213995,0.039525691699604744
30,17,JNJ,22,246.0,0.019007263632570597,1.0,0.00031004352395213995,0.039525691699604744
30,17,JNJ,23,246.0,0.019007263632570597,1.0,0.00031004352395213995,0.039525691699604744
30,17,JNJ,24,246.0,0.019007263632570597,1.0,0.00031004352395213995,0.039525691699604744
30,17,JNJ,25,246.0,0.019007263632570597,1.0,0.00031004352395213995,0.039525691699604744
30,17,JNJ,26,246.0,0.019007263632570597,1.0,0.00031004352395213995,0.039525691699604744
30,17,JNJ,27,246.0,0.019007263632570597,1.0,0.00031004352395213995,0.039525691699604744
30,17,JNJ,28,246.0,0.019007263632570597,1.0,0.00031004352395213995,0.039525691699604744
30,17,JNJ,29,246.0,0.019007263632570597,1.0,0.00031004352395213995,0.039525691699604744
30,17,JNJ,30,246.0,0.019007263632570597,1.0,0.00031004352395213995,0.039525691699604744
30,17,JNJ,31,246.0,0.019007263632570597,1.0,0.00031004352395213995,0.039525691699604744
30,18,MRK,4,217.5,0.01965266071846996,1.0,0.0002692233654270914,0.039525691699604744
30,18,MRK,6,217.5,0.01965266071846996,1.0,0.0002692233654270914,0.039525691699604744
30,18,MRK,9,217.5,0.01965266071846996,1.0,0.0002692233654270914,0.039525691699604744
30,18,MRK,10,217.5,0.01965266071846996,1.0,0.0002692233654270914,0.039525691699604744
30,18,MRK,11,217.5,0.01965266071846996,1.0,0.0002692233654270914,0.039525691699604744
30,18,MRK,12,217.5,0.01965266071846996,1.0,0.0002692233654270914,0.039525691699604744
30,18,MRK,13,217.5,0.01965266071846996,1.0,0.0002692233654270914,0.039525691699604744
30,18,MRK,14,217.5,0.01965266071846996,1.0,0.0002692233654270914,0.039525691699604744
30,18,MRK,15,217.5,0.01965266071846996,1.0,0.0002692233654270914,0.039525691699604744
30,18,MRK,16,217.5,0.01965266071846996,1.0,0.0002692233654270914,0.039525691699604744
30,18,MRK,17,217.5,0.01965266071846996,1.0,0.0002692233654270914,0.039525691699604744
30,18,MRK,18,217.5,0.01965266071846996,1.0,0.0002692233654270914,0.039525691699604744
30,18,MRK,19,217.5,0.01965266071846996,1.0,0.0002692233654270914,0.039525691699604744
30,18,MRK,20,217.5,0.01965266071846996,1.0,0.0002692233654270914,0.039525691699604744
30,18,MRK,21,217.5,0.01965266071846996,1.0,0.0002692233654270914,0.039525691699604744
30,18,MRK,22,217.5,0.01965266071846996,1.0,0.0002692233654270914,0.039525691699604744
30,18,MRK,23,217.5,0.01965266071846996,1.0,0.0002692233654270914,0.039525691699604744
30,18,MRK,24,217.5,0.01965266071846996,1.0,0.0002692233654270914,0.039525691699604744
30,18,MRK,25,217.5,0.01965266071846996,1.0,0.0002692233654270914,0.039525691699604744
30,18,MRK,27,217.5,0.01965266071846996,1.0,0.0002692233654270914,0.039525691699604744
30,18,MRK,28,217.5,0.01965266071846996,1.0,0.0002692233654270914,0.039525691699604744
30,18,MRK,30,217.5,0.01965266071846996,1.0,0.0002692233654270914,0.039525691699604744
30,18,MRK,31,217.5,0.01965266071846996,1.0,0.0002692233654270914,0.039525691699604744
30,19,DIS,4,244.0,0.023370070531348017,1.0,0.00045142587448338467,0.039525691699604744
30,19,DIS,5,244.0,0.023370070531348017,1.0,0.00045142587448338467,0.039525691699604744
30,19,DIS,6,244.0,0.023370070531348017,1.0,0.00045142587448338467,0.039525691699604744
30,19,DIS,7,244.0,0.023370070531348017,1.0,0.00045142587448338467,0.039525691699604744
30,19,DIS,9,244.0,0.023370070531348017,1.0,0.00045142587448338467,0.039525691699604744
30,19,DIS,10,244.0,0.023370070531348017,1.0,0.00045142587448338467,0.039525691699604744
30,19,DIS,11,244.0,0.023370070531348017,1.0,0.00045142587448338467,0.039525691699604744
30,19,DIS,12,244.0,0.023370070531348017,1.0,0.00045142587448338467,0.039525691699604744
30,19,DIS,13,244.0,0.023370070531348017,1.0,0.00045142587448338467,0.039525691699604744
30,19,DIS,14,244.0,0.023370070531348017,1.0,0.00045142587448338467,0.039525691699604744
30,19,DIS,15,244.0,0.023370070531348017,1.0,0.00045142587448338467,0.039525691699604744
30,19,DIS,16,244.0,0.023370070531348017,1.0,0.00045142587448338467,0.039525691699604744
30,19,DIS,17,244.0,0.023370070531348017,1.0,0.00045142587448338467,0.039525691699604744
30,19,DIS,19,244.0,0.023370070531348017,1.0,0.00045142587448338467,0.039525691699604744
30,19,DIS,20,244.0,0.023370070531348017,1.0,0.00045142587448338467,0.039525691699604744
30,19,DIS,21,244.0,0.023370070531348017,1.0,0.00045142587448338467,0.039525691699604744
30,19,DIS,22,244.0,0.023370070531348017,1.0,0.00045142587448338467,0.039525691699604744
30,19,DIS,23,244.0,0.023370070531348017,1.0,0.00045142587448338467,0.039525691699604744
30,19,DIS,24,244.0,0.023370070531348017,1.0,0.00045142587448338467,0.039525691699604744
30,19,DIS,25,244.0,0.023370070531348017,1.0,0.00045142587448338467,0.039525691699604744
30,19,DIS,26,244.0,0.023370070531348017,1.0,0.00045142587448338467,0.039525691699604744
30,19,DIS,27,244.0,0.023370070531348017,1.0,0.00045142587448338467,0.039525691699604744
30,19,DIS,28,244.0,0.023370070531348017,1.0,0.00045142587448338467,0.039525691699604744
30,19,DIS,29,244.0,0.023370070531348017,1.0,0.00045142587448338467,0.039525691699604744
30,19,DIS,30,244.0,0.023370070531348017,1.0,0.00045142587448338467,0.039525691699604744
30,19,DIS,31,244.0,0.023370070531348017,1.0,0.00045142587448338467,0.039525691699604744
30,20,WFC,2,75.0,0.022249634785200038,1.0,0.00028195829477257794,0.039525691699604744
30,20,WFC,3,75.0,0.022249634785200038,1.0,0.00028195829477257794,0.039525691699604744
30,20,WFC,4,75.0,0.022249634785200038,1.0,0.00028195829477257794,0.039525691699604744
30,20,WFC,5,75.0,0.022249634785200038,1.0,0.00028195829477257794,0.039525691699604744
30,20,WFC,6,75.0,0.022249634785200038,1.0,0.00028195829477257794,0.039525691699604744
30,20,WFC,8,75.0,0.022249634785200038,1.0,0.00028195829477257794,0.039525691699604744
30,20,WFC,9,75.0,0.022249634785200038,1.0,0.00028195829477257794,0.039525691699604744
30,20,WFC,10,75.0,0.022249634785200038,1.0,0.00028195829477257794,0.039525691699604744
30,20,WFC,11,75.0,0.022249634785200038,1.0,0.00028195829477257794,0.039525691699604744
30,20,WFC,12,75.0,0.022249634785200038,1.0,0.00028195829477257794,0.039525691699604744
30,20,WFC,13,75.0,0.022249634785200038,1.0,0.00028195829477257794,0.039525691699604744
30,20,WFC,14,75.0,0.022249634785200038,1.0,0.00028195829477257794,0.039525691699604744
30,20,WFC,15,75.0,0.022249634785200038,1.0,0.00028195829477257794,0.039525691699604744
30,20,WFC,16,75.0,0.022249634785200038,1.0,0.00028195829477257794,0.039525691699604744
30,20,WFC,17,75.0,0.022249634785200038,1.0,0.00028195829477257794,0.039525691699604744
30,20,WFC,18,75.0,0.022249634785200038,1.0,0.00028195829477257794,0.039525691699604744
30,20,WFC,19,75.0,0.022249634785200038,1.0,0.00028195829477257794,0.039525691699604744
30,20,WFC,20,75.0,0.022249634785200038,1.0,0.00028195829477257794,0.039525691699604744
30,20,WFC,21,75.0,0.022249634785200038,1.0,0.00028195829477257794,0.039525691699604744
30,20,WFC,22,75.0,0.022249634785200038,1.0,0.00028195829477257794,0.039525691699604744
30,20,WFC,23,75.0,0.022249634785200038,1.0,0.00028195829477257794,0.039525691699604744
30,20,WFC,24,75.0,0.022249634785200038,1.0,0.00028195829477257794,0.039525691699604744
30,20,WFC,25,75.0,0.022249634785200038,1.0,0.00028195829477257794,0.039525691699604744
30,20,WFC,26,75.0,0.022249634785200038,1.0,0.00028195829477257794,0.039525691699604744
30,20,WFC,27,75.0,0.022249634785200038,1.0,0.00028195829477257794,0.039525691699604744
30,20,WFC,28,75.0,0.022249634785200038,1.0,0.00028195829477257794,0.039525691699604744
30,20,WFC,29,75.0,0.022249634785200038,1.0,0.00028195829477257794,0.039525691699604744
30,20,WFC,30,75.0,0.022249634785200038,1.0,0.00028195829477257794,0.039525691699604744
30,20,WFC,31,75.0,0.022249634785200038,1.0,0.00028195829477257794,0.039525691699604744
30,21,MCD,2,298.41,0.021211371853429514,1.0,0.00041082343891020624,0.039525691699604744
30,21,MCD,4,298.41,0.021211371853429514,1.0,0.00041082343891020624,0.039525691699604744
30,21,MCD,5,298.41,0.021211371853429514,1.0,0.00041082343891020624,0.039525691699604744
30,21,MCD,6,298.41,0.021211371853429514,1.0,0.00041082343891020624,0.039525691699604744
30,21,MCD,7,298.41,0.021211371853429514,1.0,0.00041082343891020624,0.039525691699604744
30,21,MCD,8,298.41,0.021211371853429514,1.0,0.00041082343891020624,0.039525691699604744
30,21,MCD,9,298.41,0.021211371853429514,1.0,0.00041082343891020624,0.039525691699604744
30,21,MCD,11,298.41,0.021211371853429514,1.0,0.00041082343891020624,0.039525691699604744
30,21,MCD,12,298.41,0.021211371853429514,1.0,0.00041082343891020624,0.039525691699604744
30,21,MCD,13,298.41,0.021211371853429514,1.0,0.00041082343891020624,0.039525691699604744
30,21,MCD,14,298.41,0.021211371853429514,1.0,0.00041082343891020624,0.039525691699604744
30,21,MCD,15,298.41,0.021211371853429514,1.0,0.00041082343891020624,0.039525691699604744
30,21,MCD,16,298.41,0.021211371853429514,1.0,0.00041082343891020624,0.039525691699604744
30,21,MCD,17,298.41,0.021211371853429514,1.0,0.00041082343891020624,0.039525691699604744
30,21,MCD,18,298.41,0.021211371853429514,1.0,0.00041082343891020624,0.039525691699604744
30,21,MCD,19,298.41,0.021211371853429514,1.0,0.00041082343891020624,0.039525691699604744
30,21,MCD,20,298.41,0.021211371853429514,1.0,0.00041082343891020624,0.039525691699604744
30,21,MCD,21,298.41,0.021211371853429514,1.0,0.00041082343891020624,0.039525691699604744
30,21,MCD,22,298.41,0.021211371853429514,1.0,0.00041082343891020624,0.039525691699604744
30,21,MCD,23,298.41,0.021211371853429514,1.0,0.00041082343891020624,0.039525691699604744
30,21,MCD,24,298.41,0.021211371853429514,1.0,0.00041082343891020624,0.039525691699604744
30,21,MCD,25,298.41,0.021211371853429514,1.0,0.00041082343891020624,0.039525691699604744
30,21,MCD,26,298.41,0.021211371853429514,1.0,0.00041082343891020624,0.039525691699604744
30,21,MCD,27,298.41,0.021211371853429514,1.0,0.00041082343891020624,0.039525691699604744
30,21,MCD,28,298.41,0.021211371853429514,1.0,0.00041082343891020624,0.039525691699604744
30,21,MCD,29,298.41,0.021211371853429514,1.0,0.00041082343891020624,0.039525691699604744
30,21,MCD,30,298.41,0.021211371853429514,1.0,0.00041082343891020624,0.039525691699604744
30,21,MCD,31,298.41,0.021211371853429514,1.0,0.00041082343891020624,0.039525691699604744
30,22,JPM,4,171.78,0.02207990317599526,1.0,0.0003223159987838102,0.039525691699604744
30,22,JPM,7,171.78,0.02207990317599526,1.0,0.0003223159987838102,0.039525691699604744
30,22,JPM,8,171.78,0.02207990317599526,1.0,0.0003223159987838102,0.039525691699604744
30,22,JPM,9,171.78,0.02207990317599526,1.0,0.0003223159987838102,0.039525691699604744
30,22,JPM,10,171.78,0.02207990317599526,1.0,0.0003223159987838102,0.039525691699604744
30,22,JPM,11,171.78,0.02207990317599526,1.0,0.0003223159987838102,0.039525691699604744
30,22,JPM,13,171.78,0.02207990317599526,1.0,0.0003223159987838102,0.039525691699604744
30,22,JPM,14,171.78,0.02207990317599526,1.0,0.0003223159987838102,0.039525691699604744
30,22,JPM,15,171.78,0.02207990317599526,1.0,0.0003223159987838102,0.039525691699604744
30,22,JPM,16,171.78,0.02207990317599526,1.0,0.0003223159987838102,0.039525691699604744
30,22,JPM,18,171.78,0.02207990317599526,1.0,0.0003223159987838102,0.039525691699604744
30,22,JPM,19,171.78,0.02207990317599526,1.0,0.0003223159987838102,0.039525691699604744
30,22,JPM,20,171.78,0.02207990317599526,1.0,0.0003223159987838102,0.039525691699604744
30,22,JPM,22,171.78,0.02207990317599526,1.0,0.0003223159987838102,0.039525691699604744
30,22,JPM,23,171.78,0.02207990317599526,1.0,0.0003223159987838102,0.039525691699604744
30,22,JPM,24,171.78,0.02207990317599526,1.0,0.0003223159987838102,0.039525691699604744
30,22,JPM,25,171.78,0.02207990317599526,1.0,0.0003223159987838102,0.039525691699604744
30,22,JPM,26,171.78,0.02207990317599526,1.0,0.0003223159987838102,0.039525691699604744
30,22,JPM,27,171.78,0.02207990317599526,1.0,0.0003223159987838102,0.039525691699604744
30,22,JPM,28,171.78,0.02207990317599526,1.0,0.0003223159987838102,0.039525691699604744
30,22,JPM,29,171.78,0.02207990317599526,1.0,0.0003223159987838102,0.039525691699604744
30,22,JPM,30,171.78,0.02207990317599526,1.0,0.0003223159987838102,0.039525691699604744
30,22,JPM,31,171.78,0.02207990317599526,1.0,0.0003223159987838102,0.039525691699604744
30,23,DHR,4,332.43,0.030374542709668124,1.0,0.0006327902585084059,0.039525691699604744
30,23,DHR,5,332.43,0.030374542709668124,1.0,0.0006327902585084059,0.039525691699604744
30,23,DHR,6,332.43,0.030374542709668124,1.0,0.0006327902585084059,0.039525691699604744
30,23,DHR,7,332.43,0.030374542709668124,1.0,0.0006327902585084059,0.039525691699604744
30,23,DHR,8,332.43,0.030374542709668124,1.0,0.0006327902585084059,0.039525691699604744
30,23,DHR,9,332.43,0.030374542709668124,1.0,0.0006327902585084059,0.039525691699604744
30,23,DHR,10,332.43,0.030374542709668124,1.0,0.0006327902585084059,0.039525691699604744
30,23,DHR,11,332.43,0.030374542709668124,1.0,0.0006327902585084059,0.039525691699604744
30,23,DHR,12,332.43,0.030374542709668124,1.0,0.0006327902585084059,0.039525691699604744
30,23,DHR,13,332.43,0.030374542709668124,1.0,0.0006327902585084059,0.039525691699604744
30,23,DHR,14,332.43,0.030374542709668124,1.0,0.0006327902585084059,0.039525691699604744
30,23,DHR,15,332.43,0.030374542709668124,1.0,0.0006327902585084059,0.039525691699604744
30,23,DHR,16,332.43,0.030374542709668124,1.0,0.0006327902585084059,0.039525691699604744
30,23,DHR,18,332.43,0.030374542709668124,1.0,0.0006327902585084059,0.039525691699604744
30,23,DHR,19,332.43,0.030374542709668124,1.0,0.0006327902585084059,0.039525691699604744
30,23,DHR,20,332.43,0.030374542709668124,1.0,0.0006327902585084059,0.039525691699604744
30,23,DHR,21,332.43,0.030374542709668124,1.0,0.0006327902585084059,0.039525691699604744
30,23,DHR,22,332.43,0.030374542709668124,1.0,0.0006327902585084059,0.039525691699604744
30,23,DHR,23,332.43,0.030374542709668124,1.0,0.0006327902585084059,0.039525691699604744
30,23,DHR,24,332.43,0.030374542709668124,1.0,0.0006327902585084059,0.039525691699604744
30,23,DHR,25,332.43,0.030374542709668124,1.0,0.0006327902585084059,0.039525691699604744
30,23,DHR,26,332.43,0.030374542709668124,1.0,0.0006327902585084059,0.039525691699604744
30,23,DHR,27,332.43,0.030374542709668124,1.0,0.0006327902585084059,0.039525691699604744
30,23,DHR,28,332.43,0.030374542709668124,1.0,0.0006327902585084059,0.039525691699604744
30,23,DHR,30,332.43,0.030374542709668124,1.0,0.0006327902585084059,0.039525691699604744
30,23,DHR,31,332.43,0.030374542709668124,1.0,0.0006327902585084059,0.039525691699604744
30,24,LLY,2,619.13,0.019441205069222034,1.0,0.0003580464873725691,0.039525691699604744
30,24,LLY,4,619.13,0.019441205069222034,1.0,0.0003580464873725691,0.039525691699604744
30,24,LLY,5,619.13,0.019441205069222034,1.0,0.0003580464873725691,0.039525691699604744
30,24,LLY,9,619.13,0.019441205069222034,1.0,0.0003580464873725691,0.039525691699604744
30,24,LLY,10,619.13,0.019441205069222034,1.0,0.0003580464873725691,0.039525691699604744
30,24,LLY,11,619.13,0.019441205069222034,1.0,0.0003580464873725691,0.039525691699604744
30,24,LLY,13,619.13,0.019441205069222034,1.0,0.0003580464873725691,0.039525691699604744
30,24,LLY,14,619.13,0.019441205069222034,1.0,0.0003580464873725691,0.039525691699604744
30,24,LLY,15,619.13,0.019441205069222034,1.0,0.0003580464873725691,0.039525691699604744
30,24,LLY,17,619.13,0.019441205069222034,1.0,0.0003580464873725691,0.039525691699604744
30,24,LLY,18,619.13,0.019441205069222034,1.0,0.0003580464873725691,0.039525691699604744
30,24,LLY,19,619.13,0.019441205069222034,1.0,0.0003580464873725691,0.039525691699604744
30,24,LLY,20,619.13,0.019441205069222034,1.0,0.0003580464873725691,0.039525691699604744
30,24,LLY,21,619.13,0.019441205069222034,1.0,0.0003580464873725691,0.039525691699604744
30,24,LLY,22,619.13,0.019441205069222034,1.0,0.0003580464873725691,0.039525691699604744
30,24,LLY,23,619.13,0.019441205069222034,1.0,0.0003580464873725691,0.039525691699604744
30,24,LLY,24,619.13,0.019441205069222034,1.0,0.0003580464873725691,0.039525691699604744
30,24,LLY,25,619.13,0.019441205069222034,1.0,0.0003580464873725691,0.039525691699604744
30,24,LLY,26,619.13,0.019441205069222034,1.0,0.0003580464873725691,0.039525691699604744
30,24,LLY,27,619.13,0.019441205069222034,1.0,0.0003580464873725691,0.039525691699604744
30,24,LLY,28,619.13,0.019441205069222034,1.0,0.0003580464873725691,0.039525691699604744
30,24,LLY,29,619.13,0.019441205069222034,1.0,0.0003580464873725691,0.039525691699604744
30,24,LLY,30,619.13,0.019441205069222034,1.0,0.0003580464873725691,0.039525691699604744
30,24,LLY,31,619.13,0.019441205069222034,1.0,0.0003580464873725691,0.039525691699604744
30,25,J,2,148.45,0.026970346421988867,1.0,0.0005384516376586715,0.039525691699604744
30,25,J,3,148.45,0.026970346421988867,1.0,0.0005384516376586715,0.039525691699604744
30,25,J,7,148.45,0.026970346421988867,1.0,0.0005384516376586715,0.039525691699604744
30,25,J,8,148.45,0.026970346421988867,1.0,0.0005384516376586715,0.039525691699604744
30,25,J,9,148.45,0.026970346421988867,1.0,0.0005384516376586715,0.039525691699604744
30,25,J,10,148.45,0.026970346421988867,1.0,0.0005384516376586715,0.039525691699604744
30,25,J,11,148.45,0.026970346421988867,1.0,0.0005384516376586715,0.039525691699604744
30,25,J,13,148.45,0.026970346421988867,1.0,0.0005384516376586715,0.039525691699604744
30,25,J,15,148.45,0.026970346421988867,1.0,0.0005384516376586715,0.039525691699604744
30,25,J,16,148.45,0.026970346421988867,1.0,0.0005384516376586715,0.039525691699604744
30,25,J,17,148.45,0.026970346421988867,1.0,0.0005384516376586715,0.039525691699604744
30,25,J,18,148.45,0.026970346421988867,1.0,0.0005384516376586715,0.039525691699604744
30,25,J,19,148.45,0.026970346421988867,1.0,0.0005384516376586715,0.039525691699604744
30,25,J,20,148.45,0.026970346421988867,1.0,0.0005384516376586715,0.039525691699604744
30,25,J,21,148.45,0.026970346421988867,1.0,0.0005384516376586715,0.039525691699604744
30,25,J,22,148.45,0.026970346421988867,1.0,0.0005384516376586715,0.039525691699604744
30,25,J,23,148.45,0.026970346421988867,1.0,0.0005384516376586715,0.039525691699604744
30,25,J,24,148.45,0.026970346421988867,1.0,0.0005384516376586715,0.039525691699604744
30,25,J,25,148.45,0.026970346421988867,1.0,0.0005384516376586715,0.039525691699604744
30,25,J,26,148.45,0.026970346421988867,1.0,0.0005384516376586715,0.039525691699604744
30,25,J,27,148.45,0.026970346421988867,1.0,0.0005384516376586715,0.039525691699604744
30,25,J,28,148.45,0.026970346421988867,1.0,0.0005384516376586715,0.039525691699604744
30,25,J,29,148.45,0.026970346421988867,1.0,0.0005384516376586715,0.039525691699604744
30,25,J,30,148.45,0.026970346421988867,1.0,0.0005384516376586715,0.039525691699604744
30,25,J,31,148.45,0.026970346421988867,1.0,0.0005384516376586715,0.039525691699604744
30,26,WMT,2,169.78,0.022520679410098644,1.0,0.000412882914648631,0.039525691699604744
30,26,WMT,3,169.78,0.022520679410098644,1.0,0.000412882914648631,0.039525691699604744
30,26,WMT,5,169.78,0.022520679410098644,1.0,0.000412882914648631,0.039525691699604744
30,26,WMT,6,169.78,0.022520679410098644,1.0,0.000412882914648631,0.039525691699604744
30,26,WMT,7,169.78,0.022520679410098644,1.0,0.000412882914648631,0.039525691699604744
30,26,WMT,8,169.78,0.022520679410098644,1.0,0.000412882914648631,0.039525691699604744
30,26,WMT,9,169.78,0.022520679410098644,1.0,0.000412882914648631,0.039525691699604744
30,26,WMT,10,169.78,0.022520679410098644,1.0,0.000412882914648631,0.039525691699604744
30,26,WMT,11,169.78,0.022520679410098644,1.0,0.000412882914648631,0.039525691699604744
30,26,WMT,12,169.78,0.022520679410098644,1.0,0.000412882914648631,0.039525691699604744
30,26,WMT,13,169.78,0.022520679410098644,1.0,0.000412882914648631,0.039525691699604744
30,26,WMT,14,169.78,0.022520679410098644,1.0,0.000412882914648631,0.039525691699604744
30,26,WMT,15,169.78,0.022520679410098644,1.0,0.000412882914648631,0.039525691699604744
30,26,WMT,16,169.78,0.022520679410098644,1.0,0.000412882914648631,0.039525691699604744
30,26,WMT,17,169.78,0.022520679410098644,1.0,0.000412882914648631,0.039525691699604744
30,26,WMT,18,169.78,0.022520679410098644,1.0,0.000412882914648631,0.039525691699604744
30,26,WMT,19,169.78,0.022520679410098644,1.0,0.000412882914648631,0.039525691699604744
30,26,WMT,20,169.78,0.022520679410098644,1.0,0.000412882914648631,0.039525691699604744
30,26,WMT,21,169.78,0.022520679410098644,1.0,0.000412882914648631,0.039525691699604744
30,26,WMT,22,169.78,0.022520679410098644,1.0,0.000412882914648631,0.039525691699604744
30,26,WMT,23,169.78,0.022520679410098644,1.0,0.000412882914648631,0.039525691699604744
30,26,WMT,26,169.78,0.022520679410098644,1.0,0.000412882914648631,0.039525691699604744
30,26,WMT,27,169.78,0.022520679410098644,1.0,0.000412882914648631,0.039525691699604744
30,26,WMT,28,169.78,0.022520679410098644,1.0,0.000412882914648631,0.039525691699604744
30,26,WMT,29,169.78,0.022520679410098644,1.0,0.000412882914648631,0.039525691699604744
30,26,WMT,30,169.78,0.022520679410098644,1.0,0.000412882914648631,0.039525691699604744
30,26,WMT,31,169.78,0.022520679410098644,1.0,0.000412882914648631,0.039525691699604744
30,27,INTC,4,169.3125,0.02931292830868204,1.0,0.0004660646891467672,0.039525691699604744
30,27,INTC,5,169.3125,0.02931292830868204,1.0,0.0004660646891467672,0.039525691699604744
30,27,INTC,6,169.3125,0.02931292830868204,1.0,0.0004660646891467672,0.039525691699604744
30,27,INTC,8,169.3125,0.02931292830868204,1.0,0.0004660646891467672,0.039525691699604744
30,27,INTC,9,169.3125,0.02931292830868204,1.0,0.0004660646891467672,0.039525691699604744
30,27,INTC,10,169.3125,0.02931292830868204,1.0,0.0004660646891467672,0.039525691699604744
30,27,INTC,11,169.3125,0.02931292830868204,1.0,0.0004660646891467672,0.039525691699604744
30,27,INTC,12,169.3125,0.02931292830868204,1.0,0.0004660646891467672,0.039525691699604744
30,27,INTC,13,169.3125,0.02931292830868204,1.0,0.0004660646891467672,0.039525691699604744
30,27,INTC,14,169.3125,0.02931292830868204,1.0,0.0004660646891467672,0.039525691699604744
30,27,INTC,15,169.3125,0.02931292830868204,1.0,0.0004660646891467672,0.039525691699604744
30,27,INTC,16,169.3125,0.02931292830868204,1.0,0.0004660646891467672,0.039525691699604744
30,27,INTC,18,169.3125,0.02931292830868204,1.0,0.0004660646891467672,0.039525691699604744
30,27,INTC,19,169.3125,0.02931292830868204,1.0,0.0004660646891467672,0.039525691699604744
30,27,INTC,20,169.3125,0.02931292830868204,1.0,0.0004660646891467672,0.039525691699604744
30,27,INTC,21,169.3125,0.02931292830868204,1.0,0.0004660646891467672,0.039525691699604744
30,27,INTC,22,169.3125,0.02931292830868204,1.0,0.0004660646891467672,0.039525691699604744
30,27,INTC,23,169.3125,0.02931292830868204,1.0,0.0004660646891467672,0.039525691699604744
30,27,INTC,24,169.3125,0.02931292830868204,1.0,0.0004660646891467672,0.039525691699604744
30,27,INTC,25,169.3125,0.02931292830868204,1.0,0.0004660646891467672,0.039525691699604744
30,27,INTC,26,169.3125,0.02931292830868204,1.0,0.0004660646891467672,0.039525691699604744
30,27,INTC,27,169.3125,0.02931292830868204,1.0,0.0004660646891467672,0.039525691699604744
30,27,INTC,28,169.3125,0.02931292830868204,1.0,0.0004660646891467672,0.039525691699604744
30,27,INTC,29,169.3125,0.02931292830868204,1.0,0.0004660646891467672,0.039525691699604744
30,27,INTC,30,169.3125,0.02931292830868204,1.0,0.0004660646891467672,0.039525691699604744
30,27,INTC,31,169.3125,0.02931292830868204,1.0,0.0004660646891467672,0.039525691699604744
30,28,BAC,2,124.0,0.02502772941502002,1.0,0.0003248046844754001,0.039525691699604744
30,28,BAC,4,124.0,0.02502772941502002,1.0,0.0003248046844754001,0.039525691699604744
30,28,BAC,7,124.0,0.02502772941502002,1.0,0.0003248046844754001,0.039525691699604744
30,28,BAC,8,124.0,0.02502772941502002,1.0,0.0003248046844754001,0.039525691699604744
30,28,BAC,9,124.0,0.02502772941502002,1.0,0.0003248046844754001,0.039525691699604744
30,28,BAC,10,124.0,0.02502772941502002,1.0,0.0003248046844754001,0.039525691699604744
30,28,BAC,11,124.0,0.02502772941502002,1.0,0.0003248046844754001,0.039525691699604744
30,28,BAC,13,124.0,0.02502772941502002,1.0,0.0003248046844754001,0.039525691699604744
30,28,BAC,14,124.0,0.02502772941502002,1.0,0.0003248046844754001,0.039525691699604744
30,28,BAC,15,124.0,0.02502772941502002,1.0,0.0003248046844754001,0.039525691699604744
30,28,BAC,16,124.0,0.02502772941502002,1.0,0.0003248046844754001,0.039525691699604744
30,28,BAC,17,124.0,0.02502772941502002,1.0,0.0003248046844754001,0.039525691699604744
30,28,BAC,18,124.0,0.02502772941502002,1.0,0.0003248046844754001,0.039525691699604744
30,28,BAC,20,124.0,0.02502772941502002,1.0,0.0003248046844754001,0.039525691699604744
30,28,BAC,21,124.0,0.02502772941502002,1.0,0.0003248046844754001,0.039525691699604744
30,28,BAC,22,124.0,0.02502772941502002,1.0,0.0003248046844754001,0.039525691699604744
30,28,BAC,23,124.0,0.02502772941502002,1.0,0.0003248046844754001,0.039525691699604744
30,28,BAC,24,124.0,0.02502772941502002,1.0,0.0003248046844754001,0.039525691699604744
30,28,BAC,25,124.0,0.02502772941502002,1.0,0.0003248046844754001,0.039525691699604744
30,28,BAC,26,124.0,0.02502772941502002,1.0,0.0003248046844754001,0.039525691699604744
30,28,BAC,27,124.0,0.02502772941502002,1.0,0.0003248046844754001,0.039525691699604744
30,28,BAC,28,124.0,0.02502772941502002,1.0,0.0003248046844754001,0.039525691699604744
30,28,BAC,29,124.0,0.02502772941502002,1.0,0.0003248046844754001,0.039525691699604744
30,28,BAC,30,124.0,0.02502772941502002,1.0,0.0003248046844754001,0.039525691699604744
30,28,BAC,31,124.0,0.02502772941502002,1.0,0.0003248046844754001,0.039525691699604744
30,29,AMD,2,161.91,0.03966445958769901,1.0,0.0009962143399985263,0.039525691699604744
30,29,AMD,3,161.91,0.03966445958769901,1.0,0.0009962143399985263,0.039525691699604744
30,29,AMD,4,161.91,0.03966445958769901,1.0,0.0009962143399985263,0.039525691699604744
30,29,AMD,7,161.91,0.03966445958769901,1.0,0.0009962143399985263,0.039525691699604744
30,29,AMD,8,161.91,0.03966445958769901,1.0,0.0009962143399985263,0.039525691699604744
30,29,AMD,9,161.91,0.03966445958769901,1.0,0.0009962143399985263,0.039525691699604744
30,29,AMD,11,161.91,0.03966445958769901,1.0,0.0009962143399985263,0.039525691699604744
30,29,AMD,12,161.91,0.03966445958769901,1.0,0.0009962143399985263,0.039525691699604744
30,29,AMD,14,161.91,0.03966445958769901,1.0,0.0009962143399985263,0.039525691699604744
30,29,AMD,15,161.91,0.03966445958769901,1.0,0.0009962143399985263,0.039525691699604744
30,29,AMD,16,161.91,0.03966445958769901,1.0,0.0009962143399985263,0.039525691699604744
30,29,AMD,17,161.91,0.03966445958769901,1.0,0.0009962143399985263,0.039525691699604744
30,29,AMD,20,161.91,0.03966445958769901,1.0,0.0009962143399985263,0.039525691699604744
30,29,AMD,21,161.91,0.03966445958769901,1.0,0.0009962143399985263,0.039525691699604744
30,29,AMD,22,161.91,0.03966445958769901,1.0,0.0009962143399985263,0.039525691699604744
30,29,AMD,23,161.91,0.03966445958769901,1.0,0.0009962143399985263,0.039525691699604744
30,29,AMD,24,161.91,0.03966445958769901,1.0,0.0009962143399985263,0.039525691699604744
30,29,AMD,25,161.91,0.03966445958769901,1.0,0.0009962143399985263,0.039525691699604744
30,29,AMD,26,161.91,0.03966445958769901,1.0,0.0009962143399985263,0.039525691699604744
30,29,AMD,27,161.91,0.03966445958769901,1.0,0.0009962143399985263,0.039525691699604744
30,29,AMD,28,161.91,0.03966445958769901,1.0,0.0009962143399985263,0.039525691699604744
30,29,AMD,29,161.91,0.03966445958769901,1.0,0.0009962143399985263,0.039525691699604744
30,29,AMD,30,161.91,0.03966445958769901,1.0,0.0009962143399985263,0.039525691699604744
30,29,AMD,31,161.91,0.03966445958769901,1.0,0.0009962143399985263,0.039525691699604744
30,30,TMO,2,667.24,0.02405277660621798,1.0,0.0004716388856675717,0.039525691699604744
30,30,TMO,4,667.24,0.02405277660621798,1.0,0.0004716388856675717,0.039525691699604744
30,30,TMO,7,667.24,0.02405277660621798,1.0,0.0004716388856675717,0.039525691699604744
30,30,TMO,8,667.24,0.02405277660621798,1.0,0.0004716388856675717,0.039525691699604744
30,30,TMO,9,667.24,0.02405277660621798,1.0,0.0004716388856675717,0.039525691699604744
30,30,TMO,12,667.24,0.02405277660621798,1.0,0.0004716388856675717,0.039525691699604744
30,30,TMO,13,667.24,0.02405277660621798,1.0,0.0004716388856675717,0.039525691699604744
30,30,TMO,15,667.24,0.02405277660621798,1.0,0.0004716388856675717,0.039525691699604744
30,30,TMO,16,667.24,0.02405277660621798,1.0,0.0004716388856675717,0.039525691699604744
30,30,TMO,17,667.24,0.02405277660621798,1.0,0.0004716388856675717,0.039525691699604744
30,30,TMO,18,667.24,0.02405277660621798,1.0,0.0004716388856675717,0.039525691699604744
30,30,TMO,19,667.24,0.02405277660621798,1.0,0.0004716388856675717,0.039525691699604744
30,30,TMO,20,667.24,0.02405277660621798,1.0,0.0004716388856675717,0.039525691699604744
30,30,TMO,21,667.24,0.02405277660621798,1.0,0.0004716388856675717,0.039525691699604744
30,30,TMO,22,667.24,0.02405277660621798,1.0,0.0004716388856675717,0.039525691699604744
30,30,TMO,23,667.24,0.02405277660621798,1.0,0.0004716388856675717,0.039525691699604744
30,30,TMO,24,667.24,0.02405277660621798,1.0,0.0004716388856675717,0.039525691699604744
30,30,TMO,25,667.24,0.02405277660621798,1.0,0.0004716388856675717,0.039525691699604744
30,30,TMO,26,667.24,0.02405277660621798,1.0,0.0004716388856675717,0.039525691699604744
30,30,TMO,27,667.24,0.02405277660621798,1.0,0.0004716388856675717,0.039525691699604744
30,30,TMO,28,667.24,0.02405277660621798,1.0,0.0004716388856675717,0.039525691699604744
30,30,TMO,30,667.24,0.02405277660621798,1.0,0.0004716388856675717,0.039525691699604744
30,30,TMO,31,667.24,0.02405277660621798,1.0,0.0004716388856675717,0.039525691699604744
30,31,VZ,2,126.5,0.01730978885258661,1.0,0.00010436651220399196,0.039525691699604744
30,31,VZ,3,126.5,0.01730978885258661,1.0,0.00010436651220399196,0.039525691699604744
30,31,VZ,4,126.5,0.01730978885258661,1.0,0.00010436651220399196,0.039525691699604744
30,31,VZ,5,126.5,0.01730978885258661,1.0,0.00010436651220399196,0.039525691699604744
30,31,VZ,6,126.5,0.01730978885258661,1.0,0.00010436651220399196,0.039525691699604744
30,31,VZ,8,126.5,0.01730978885258661,1.0,0.00010436651220399196,0.039525691699604744
30,31,VZ,10,126.5,0.01730978885258661,1.0,0.00010436651220399196,0.039525691699604744
30,31,VZ,12,126.5,0.01730978885258661,1.0,0.00010436651220399196,0.039525691699604744
30,31,VZ,13,126.5,0.01730978885258661,1.0,0.00010436651220399196,0.039525691699604744
30,31,VZ,14,126.5,0.01730978885258661,1.0,0.00010436651220399196,0.039525691699604744
30,31,VZ,15,126.5,0.01730978885258661,1.0,0.00010436651220399196,0.039525691699604744
30,31,VZ,16,126.5,0.01730978885258661,1.0,0.00010436651220399196,0.039525691699604744
30,31,VZ,17,126.5,0.01730978885258661,1.0,0.00010436651220399196,0.039525691699604744
30,31,VZ,18,126.5,0.01730978885258661,1.0,0.00010436651220399196,0.039525691699604744
30,31,VZ,19,126.5,0.01730978885258661,1.0,0.00010436651220399196,0.039525691699604744
30,31,VZ,21,126.5,0.01730978885258661,1.0,0.00010436651220399196,0.039525691699604744
30,31,VZ,22,126.5,0.01730978885258661,1.0,0.00010436651220399196,0.039525691699604744
30,31,VZ,23,126.5,0.01730978885258661,1.0,0.00010436651220399196,0.039525691699604744
30,31,VZ,24,126.5,0.01730978885258661,1.0,0.00010436651220399196,0.039525691699604744
30,31,VZ,25,126.5,0.01730978885258661,1.0,0.00010436651220399196,0.039525691699604744
30,31,VZ,26,126.5,0.01730978885258661,1.0,0.00010436651220399196,0.039525691699604744
30,31,VZ,27,126.5,0.01730978885258661,1.0,0.00010436651220399196,0.039525691699604744
30,31,VZ,28,126.5,0.01730978885258661,1.0,0.00010436651220399196,0.039525691699604744
30,31,VZ,29,126.5,0.01730978885258661,1.0,0.00010436651220399196,0.039525691699604744
30,31,VZ,30,126.5,0.01730978885258661,1.0,0.00010436651220399196,0.039525691699604744
30,31,VZ,31,126.5,0.01730978885258661,1.0,0.00010436651220399196,0.039525691699604744
30,32,HD,4,416.18,0.024709424721938923,1.0,0.0006495089124288296,0.039525691699604744
30,32,HD,7,416.18,0.024709424721938923,1.0,0.0006495089124288296,0.039525691699604744
30,32,HD,8,416.18,0.024709424721938923,1.0,0.0006495089124288296,0.039525691699604744
30,32,HD,9,416.18,0.024709424721938923,1.0,0.0006495089124288296,0.039525691699604744
30,32,HD,10,416.18,0.024709424721938923,1.0,0.0006495089124288296,0.039525691699604744
30,32,HD,11,416.18,0.024709424721938923,1.0,0.0006495089124288296,0.039525691699604744
30,32,HD,12,416.18,0.024709424721938923,1.0,0.0006495089124288296,0.039525691699604744
30,32,HD,13,416.18,0.024709424721938923,1.0,0.0006495089124288296,0.039525691699604744
30,32,HD,14,416.18,0.024709424721938923,1.0,0.0006495089124288296,0.039525691699604744
30,32,HD,15,416.18,0.024709424721938923,1.0,0.0006495089124288296,0.039525691699604744
30,32,HD,16,416.18,0.024709424721938923,1.0,0.0006495089124288296,0.039525691699604744
30,32,HD,18,416.18,0.024709424721938923,1.0,0.0006495089124288296,0.039525691699604744
30,32,HD,19,416.18,0.024709424721938923,1.0,0.0006495089124288296,0.039525691699604744
30,32,HD,20,416.18,0.024709424721938923,1.0,0.0006495089124288296,0.039525691699604744
30,32,HD,21,416.18,0.024709424721938923,1.0,0.0006495089124288296,0.039525691699604744
30,32,HD,22,416.18,0.024709424721938923,1.0,0.0006495089124288296,0.039525691699604744
30,32,HD,23,416.18,0.024709424721938923,1.0,0.0006495089124288296,0.039525691699604744
30,32,HD,24,416.18,0.024709424721938923,1.0,0.0006495089124288296,0.039525691699604744
30,32,HD,25,416.18,0.024709424721938923,1.0,0.0006495089124288296,0.039525691699604744
30,32,HD,26,416.18,0.024709424721938923,1.0,0.0006495089124288296,0.039525691699604744
30,32,HD,27,416.18,0.024709424721938923,1.0,0.0006495089124288296,0.039525691699604744
30,32,HD,29,416.18,0.024709424721938923,1.0,0.0006495089124288296,0.039525691699604744
30,32,HD,30,416.18,0.024709424721938923,1.0,0.0006495089124288296,0.039525691699604744
30,32,HD,31,416.18,0.024709424721938923,1.0,0.0006495089124288296,0.039525691699604744
30,33,ADBE,3,688.37,0.03300034509871218,1.0,0.0009849556228086755,0.039525691699604744
30,33,ADBE,4,688.37,0.03300034509871218,1.0,0.0009849556228086755,0.039525691699604744
30,33,ADBE,5,688.37,0.03300034509871218,1.0,0.0009849556228086755,0.039525691699604744
30,33,ADBE,6,688.37,0.03300034509871218,1.0,0.0009849556228086755,0.039525691699604744
30,33,ADBE,7,688.37,0.03300034509871218,1.0,0.0009849556228086755,0.039525691699604744
30,33,ADBE,8,688.37,0.03300034509871218,1.0,0.0009849556228086755,0.039525691699604744
30,33,ADBE,10,688.37,0.03300034509871218,1.0,0.0009849556228086755,0.039525691699604744
30,33,ADBE,11,688.37,0.03300034509871218,1.0,0.0009849556228086755,0.039525691699604744
30,33,ADBE,12,688.37,0.03300034509871218,1.0,0.0009849556228086755,0.039525691699604744
30,33,ADBE,14,688.37,0.03300034509871218,1.0,0.0009849556228086755,0.039525691699604744
30,33,ADBE,15,688.37,0.03300034509871218,1.0,0.0009849556228086755,0.039525691699604744
30,33,ADBE,16,688.37,0.03300034509871218,1.0,0.0009849556228086755,0.039525691699604744
30,33,ADBE,17,688.37,0.03300034509871218,1.0,0.0009849556228086755,0.039525691699604744
30,33,ADBE,18,688.37,0.03300034509871218,1.0,0.0009849556228086755,0.039525691699604744
30,33,ADBE,19,688.37,0.03300034509871218,1.0,0.0009849556228086755,0.039525691699604744
30,33,ADBE,20,688.37,0.03300034509871218,1.0,0.0009849556228086755,0.039525691699604744
30,33,ADBE,22,688.37,0.03300034509871218,1.0,0.0009849556228086755,0.039525691699604744
30,33,ADBE,23,688.37,0.03300034509871218,1.0,0.0009849556228086755,0.039525691699604744
30,33,ADBE,24,688.37,0.03300034509871218,1.0,0.0009849556228086755,0.039525691699604744
30,33,ADBE,25,688.37,0.03300034509871218,1.0,0.0009849556228086755,0.039525691699604744
30,33,ADBE,26,688.37,0.03300034509871218,1.0,0.0009849556228086755,0.039525691699604744
30,33,ADBE,27,688.37,0.03300034509871218,1.0,0.0009849556228086755,0.039525691699604744
30,33,ADBE,28,688.37,0.03300034509871218,1.0,0.0009849556228086755,0.039525691699604744
30,33,ADBE,29,688.37,0.03300034509871218,1.0,0.0009849556228086755,0.039525691699604744
30,33,ADBE,30,688.37,0.03300034509871218,1.0,0.0009849556228086755,0.039525691699604744
30,33,ADBE,31,688.37,0.03300034509871218,1.0,0.0009849556228086755,0.039525691699604744
30,34,CSCO,2,144.375,0.029278654279754096,1.0,0.0005824875123929375,0.039525691699604744
30,34,CSCO,5,144.375,0.029278654279754096,1.0,0.0005824875123929375,0.039525691699604744
30,34,CSCO,6,144.375,0.029278654279754096,1.0,0.0005824875123929375,0.039525691699604744
30,34,CSCO,7,144.375,0.029278654279754096,1.0,0.0005824875123929375,0.039525691699604744
30,34,CSCO,8,144.375,0.029278654279754096,1.0,0.0005824875123929375,0.039525691699604744
30,34,CSCO,9,144.375,0.029278654279754096,1.0,0.0005824875123929375,0.039525691699604744
30,34,CSCO,10,144.375,0.029278654279754096,1.0,0.0005824875123929375,0.039525691699604744
30,34,CSCO,11,144.375,0.029278654279754096,1.0,0.0005824875123929375,0.039525691699604744
30,34,CSCO,12,144.375,0.029278654279754096,1.0,0.0005824875123929375,0.039525691699604744
30,34,CSCO,13,144.375,0.029278654279754096,1.0,0.0005824875123929375,0.039525691699604744
30,34,CSCO,14,144.375,0.029278654279754096,1.0,0.0005824875123929375,0.039525691699604744
30,34,CSCO,16,144.375,0.029278654279754096,1.0,0.0005824875123929375,0.039525691699604744
30,34,CSCO,17,144.375,0.029278654279754096,1.0,0.0005824875123929375,0.039525691699604744
30,34,CSCO,18,144.375,0.029278654279754096,1.0,0.0005824875123929375,0.039525691699604744
30,34,CSCO,19,144.375,0.029278654279754096,1.0,0.0005824875123929375,0.039525691699604744
30,34,CSCO,20,144.375,0.029278654279754096,1.0,0.0005824875123929375,0.039525691699604744
30,34,CSCO,22,144.375,0.029278654279754096,1.0,0.0005824875123929375,0.039525691699604744
30,34,CSCO,23,144.375,0.029278654279754096,1.0,0.0005824875123929375,0.039525691699604744
30,34,CSCO,24,144.375,0.029278654279754096,1.0,0.0005824875123929375,0.039525691699604744
30,34,CSCO,25,144.375,0.029278654279754096,1.0,0.0005824875123929375,0.039525691699604744
30,34,CSCO,26,144.375,0.029278654279754096,1.0,0.0005824875123929375,0.039525691699604744
30,34,CSCO,27,144.375,0.029278654279754096,1.0,0.0005824875123929375,0.039525691699604744
30,34,CSCO,28,144.375,0.029278654279754096,1.0,0.0005824875123929375,0.039525691699604744
30,34,CSCO,29,144.375,0.029278654279754096,1.0,0.0005824875123929375,0.039525691699604744
30,34,CSCO,31,144.375,0.029278654279754096,1.0,0.0005824875123929375,0.039525691699604744
30,35,QCOM,6,659.0,0.03317739408394967,1.0,0.0008642949108518504,0.039525691699604744
30,35,QCOM,7,659.0,0.03317739408394967,1.0,0.0008642949108518504,0.039525691699604744
30,35,QCOM,8,659.0,0.03317739408394967,1.0,0.0008642949108518504,0.039525691699604744
30,35,QCOM,9,659.0,0.03317739408394967,1.0,0.0008642949108518504,0.039525691699604744
30,35,QCOM,10,659.0,0.03317739408394967,1.0,0.0008642949108518504,0.039525691699604744
30,35,QCOM,11,659.0,0.03317739408394967,1.0,0.0008642949108518504,0.039525691699604744
30,35,QCOM,13,659.0,0.03317739408394967,1.0,0.0008642949108518504,0.039525691699604744
30,35,QCOM,15,659.0,0.03317739408394967,1.0,0.0008642949108518504,0.039525691699604744
30,35,QCOM,16,659.0,0.03317739408394967,1.0,0.0008642949108518504,0.039525691699604744
30,35,QCOM,17,659.0,0.03317739408394967,1.0,0.0008642949108518504,0.039525691699604744
30,35,QCOM,18,659.0,0.03317739408394967,1.0,0.0008642949108518504,0.039525691699604744
30,35,QCOM,19,659.0,0.03317739408394967,1.0,0.0008642949108518504,0.039525691699604744
30,35,QCOM,20,659.0,0.03317739408394967,1.0,0.0008642949108518504,0.039525691699604744
30,35,QCOM,21,659.0,0.03317739408394967,1.0,0.0008642949108518504,0.039525691699604744
30,35,QCOM,22,659.0,0.03317739408394967,1.0,0.0008642949108518504,0.039525691699604744
30,35,QCOM,24,659.0,0.03317739408394967,1.0,0.0008642949108518504,0.039525691699604744
30,35,QCOM,25,659.0,0.03317739408394967,1.0,0.0008642949108518504,0.039525691699604744
30,35,QCOM,26,659.0,0.03317739408394967,1.0,0.0008642949108518504,0.039525691699604744
30,35,QCOM,27,659.0,0.03317739408394967,1.0,0.0008642949108518504,0.039525691699604744
30,35,QCOM,29,659.0,0.03317739408394967,1.0,0.0008642949108518504,0.039525691699604744
30,35,QCOM,30,659.0,0.03317739408394967,1.0,0.0008642949108518504,0.039525691699604744
30,35,QCOM,31,659.0,0.03317739408394967,1.0,0.0008642949108518504,0.039525691699604744
30,36,INTU,3,694.66,0.031201892280181116,1.0,0.0009136809676090733,0.039525691699604744
30,36,INTU,4,694.66,0.031201892280181116,1.0,0.0009136809676090733,0.039525691699604744
30,36,INTU,5,694.66,0.031201892280181116,1.0,0.0009136809676090733,0.039525691699604744
30,36,INTU,6,694.66,0.031201892280181116,1.0,0.0009136809676090733,0.039525691699604744
30,36,INTU,7,694.66,0.031201892280181116,1.0,0.0009136809676090733,0.039525691699604744
30,36,INTU,8,694.66,0.031201892280181116,1.0,0.0009136809676090733,0.039525691699604744
30,36,INTU,9,694.66,0.031201892280181116,1.0,0.0009136809676090733,0.039525691699604744
30,36,INTU,11,694.66,0.031201892280181116,1.0,0.0009136809676090733,0.039525691699604744
30,36,INTU,12,694.66,0.031201892280181116,1.0,0.0009136809676090733,0.039525691699604744
30,36,INTU,13,694.66,0.031201892280181116,1.0,0.0009136809676090733,0.039525691699604744
30,36,INTU,14,694.66,0.031201892280181116,1.0,0.0009136809676090733,0.039525691699604744
30,36,INTU,15,694.66,0.031201892280181116,1.0,0.0009136809676090733,0.039525691699604744
30,36,INTU,17,694.66,0.031201892280181116,1.0,0.0009136809676090733,0.039525691699604744
30,36,INTU,18,694.66,0.031201892280181116,1.0,0.0009136809676090733,0.039525691699604744
30,36,INTU,19,694.66,0.031201892280181116,1.0,0.0009136809676090733,0.039525691699604744
30,36,INTU,20,694.66,0.031201892280181116,1.0,0.0009136809676090733,0.039525691699604744
30,36,INTU,21,694.66,0.031201892280181116,1.0,0.0009136809676090733,0.039525691699604744
30,36,INTU,22,694.66,0.031201892280181116,1.0,0.0009136809676090733,0.039525691699604744
30,36,INTU,23,694.66,0.031201892280181116,1.0,0.0009136809676090733,0.039525691699604744
30,36,INTU,25,694.66,0.031201892280181116,1.0,0.0009136809676090733,0.039525691699604744
30,36,INTU,26,694.66,0.031201892280181116,1.0,0.0009136809676090733,0.039525691699604744
30,36,INTU,27,694.66,0.031201892280181116,1.0,0.0009136809676090733,0.039525691699604744
30,36,INTU,28,694.66,0.031201892280181116,1.0,0.0009136809676090733,0.039525691699604744
30,36,INTU,29,694.66,0.031201892280181116,1.0,0.0009136809676090733,0.039525691699604744
30,36,INTU,30,694.66,0.031201892280181116,1.0,0.0009136809676090733,0.039525691699604744
30,36,INTU,31,694.66,0.031201892280181116,1.0,0.0009136809676090733,0.039525691699604744
30,37,BRK,2,4985.0,0.018440105560869034,1.0,0.000346021478803193,0.039525691699604744
30,37,BRK,3,4985.0,0.018440105560869034,1.0,0.000346021478803193,0.039525691699604744
30,37,BRK,5,4985.0,0.018440105560869034,1.0,0.000346021478803193,0.039525691699604744
30,37,BRK,6,4985.0,0.018440105560869034,1.0,0.000346021478803193,0.039525691699604744
30,37,BRK,7,4985.0,0.018440105560869034,1.0,0.000346021478803193,0.039525691699604744
30,37,BRK,9,4985.0,0.018440105560869034,1.0,0.000346021478803193,0.039525691699604744
30,37,BRK,10,4985.0,0.018440105560869034,1.0,0.000346021478803193,0.039525691699604744
30,37,BRK,11,4985.0,0.018440105560869034,1.0,0.000346021478803193,0.039525691699604744
30,37,BRK,12,4985.0,0.018440105560869034,1.0,0.000346021478803193,0.039525691699604744
30,37,BRK,13,4985.0,0.018440105560869034,1.0,0.000346021478803193,0.039525691699604744
30,37,BRK,14,4985.0,0.018440105560869034,1.0,0.000346021478803193,0.039525691699604744
30,37,BRK,15,4985.0,0.018440105560869034,1.0,0.000346021478803193,0.039525691699604744
30,37,BRK,16,4985.0,0.018440105560869034,1.0,0.000346021478803193,0.039525691699604744
30,37,BRK,18,4985.0,0.018440105560869034,1.0,0.000346021478803193,0.039525691699604744
30,37,BRK,19,4985.0,0.018440105560869034,1.0,0.000346021478803193,0.039525691699604744
30,37,BRK,20,4985.0,0.018440105560869034,1.0,0.000346021478803193,0.039525691699604744
30,37,BRK,21,4985.0,0.018440105560869034,1.0,0.000346021478803193,0.039525691699604744
30,37,BRK,22,4985.0,0.018440105560869034,1.0,0.000346021478803193,0.039525691699604744
30,37,BRK,23,4985.0,0.018440105560869034,1.0,0.000346021478803193,0.039525691699604744
30,37,BRK,24,4985.0,0.018440105560869034,1.0,0.000346021478803193,0.039525691699604744
30,37,BRK,25,4985.0,0.018440105560869034,1.0,0.000346021478803193,0.039525691699604744
30,37,BRK,26,4985.0,0.018440105560869034,1.0,0.000346021478803193,0.039525691699604744
30,37,BRK,27,4985.0,0.018440105560869034,1.0,0.000346021478803193,0.039525691699604744
30,37,BRK,28,4985.0,0.018440105560869034,1.0,0.000346021478803193,0.039525691699604744
30,37,BRK,29,4985.0,0.018440105560869034,1.0,0.000346021478803193,0.039525691699604744
30,37,BRK,30,4985.0,0.018440105560869034,1.0,0.000346021478803193,0.039525691699604744
30,37,BRK,31,4985.0,0.018440105560869034,1.0,0.000346021478803193,0.039525691699604744
30,38,AMZN,2,3731.4099,0.03933418217012099,1.0,0.0013226727898135989,0.039525691699604744
30,38,AMZN,4,3731.4099,0.03933418217012099,1.0,0.0013226727898135989,0.039525691699604744
30,38,AMZN,5,3731.4099,0.03933418217012099,1.0,0.0013226727898135989,0.039525691699604744
30,38,AMZN,6,3731.4099,0.03933418217012099,1.0,0.0013226727898135989,0.039525691699604744
30,38,AMZN,7,3731.4099,0.03933418217012099,1.0,0.0013226727898135989,0.039525691699604744
30,38,AMZN,8,3731.4099,0.03933418217012099,1.0,0.0013226727898135989,0.039525691699604744
30,38,AMZN,9,3731.4099,0.03933418217012099,1.0,0.0013226727898135989,0.039525691699604744
30,38,AMZN,10,3731.4099,0.03933418217012099,1.0,0.0013226727898135989,0.039525691699604744
30,38,AMZN,11,3731.4099,0.03933418217012099,1.0,0.0013226727898135989,0.039525691699604744
30,38,AMZN,12,3731.4099,0.03933418217012099,1.0,0.0013226727898135989,0.039525691699604744
30,38,AMZN,13,3731.4099,0.03933418217012099,1.0,0.0013226727898135989,0.039525691699604744
30,38,AMZN,14,3731.4099,0.03933418217012099,1.0,0.0013226727898135989,0.039525691699604744
30,38,AMZN,15,3731.4099,0.03933418217012099,1.0,0.0013226727898135989,0.039525691699604744
30,38,AMZN,16,3731.4099,0.03933418217012099,1.0,0.0013226727898135989,0.039525691699604744
30,38,AMZN,17,3731.4099,0.03933418217012099,1.0,0.0013226727898135989,0.039525691699604744
30,38,AMZN,18,3731.4099,0.03933418217012099,1.0,0.0013226727898135989,0.039525691699604744
30,38,AMZN,19,3731.4099,0.03933418217012099,1.0,0.0013226727898135989,0.039525691699604744
30,38,AMZN,20,3731.4099,0.03933418217012099,1.0,0.0013226727898135989,0.039525691699604744
30,38,AMZN,21,3731.4099,0.03933418217012099,1.0,0.0013226727898135989,0.039525691699604744
30,38,AMZN,22,3731.4099,0.03933418217012099,1.0,0.0013226727898135989,0.039525691699604744
30,38,AMZN,23,3731.4099,0.03933418217012099,1.0,0.0013226727898135989,0.039525691699604744
30,38,AMZN,24,3731.4099,0.03933418217012099,1.0,0.0013226727898135989,0.039525691699604744
30,38,AMZN,25,3731.4099,0.03933418217012099,1.0,0.0013226727898135989,0.039525691699604744
30,38,AMZN,26,3731.4099,0.03933418217012099,1.0,0.0013226727898135989,0.039525691699604744
30,38,AMZN,27,3731.4099,0.03933418217012099,1.0,0.0013226727898135989,0.039525691699604744
30,38,AMZN,28,3731.4099,0.03933418217012099,1.0,0.0013226727898135989,0.039525691699604744
30,38,AMZN,29,3731.4099,0.03933418217012099,1.0,0.0013226727898135989,0.039525691699604744
30,38,AMZN,30,3731.4099,0.03933418217012099,1.0,0.0013226727898135989,0.039525691699604744
30,38,AMZN,31,3731.4099,0.03933418217012099,1.0,0.0013226727898135989,0.039525691699604744
30,39,NVDA,2,827.94,0.04103563822223924,1.0,0.0014542558314932863,0.039525691699604744
30,39,NVDA,4,827.94,0.04103563822223924,1.0,0.0014542558314932863,0.039525691699604744
30,39,NVDA,7,827.94,0.04103563822223924,1.0,0.0014542558314932863,0.039525691699604744
30,39,NVDA,8,827.94,0.04103563822223924,1.0,0.0014542558314932863,0.039525691699604744
30,39,NVDA,9,827.94,0.04103563822223924,1.0,0.0014542558314932863,0.039525691699604744
30,39,NVDA,10,827.94,0.04103563822223924,1.0,0.0014542558314932863,0.039525691699604744
30,39,NVDA,11,827.94,0.04103563822223924,1.0,0.0014542558314932863,0.039525691699604744
30,39,NVDA,13,827.94,0.04103563822223924,1.0,0.0014542558314932863,0.039525691699604744
30,39,NVDA,14,827.94,0.04103563822223924,1.0,0.0014542558314932863,0.039525691699604744
30,39,NVDA,15,827.94,0.04103563822223924,1.0,0.0014542558314932863,0.039525691699604744
30,39,NVDA,16,827.94,0.04103563822223924,1.0,0.0014542558314932863,0.039525691699604744
30,39,NVDA,17,827.94,0.04103563822223924,1.0,0.0014542558314932863,0.039525691699604744
30,39,NVDA,18,827.94,0.04103563822223924,1.0,0.0014542558314932863,0.039525691699604744
30,39,NVDA,19,827.94,0.04103563822223924,1.0,0.0014542558314932863,0.039525691699604744
30,39,NVDA,20,827.94,0.04103563822223924,1.0,0.0014542558314932863,0.039525691699604744
30,39,NVDA,21,827.94,0.04103563822223924,1.0,0.0014542558314932863,0.039525691699604744
30,39,NVDA,22,827.94,0.04103563822223924,1.0,0.0014542558314932863,0.039525691699604744
30,39,NVDA,23,827.94,0.04103563822223924,1.0,0.0014542558314932863,0.039525691699604744
30,39,NVDA,24,827.94,0.04103563822223924,1.0,0.0014542558314932863,0.039525691699604744
30,39,NVDA,25,827.94,0.04103563822223924,1.0,0.0014542558314932863,0.039525691699604744
30,39,NVDA,27,827.94,0.04103563822223924,1.0,0.0014542558314932863,0.039525691699604744
30,39,NVDA,28,827.94,0.04103563822223924,1.0,0.0014542558314932863,0.039525691699604744
30,39,NVDA,29,827.94,0.04103563822223924,1.0,0.0014542558314932863,0.039525691699604744
30,39,NVDA,30,827.94,0.04103563822223924,1.0,0.0014542558314932863,0.039525691699604744
30,39,NVDA,31,827.94,0.04103563822223924,1.0,0.0014542558314932863,0.039525691699604744
30,40,COST,2,681.24,0.022439877881784823,1.0,0.0006959696784272048,0.039525691699604744
30,40,COST,3,681.24,0.022439877881784823,1.0,0.0006959696784272048,0.039525691699604744
30,40,COST,4,681.24,0.022439877881784823,1.0,0.0006959696784272048,0.039525691699604744
30,40,COST,5,681.24,0.022439877881784823,1.0,0.0006959696784272048,0.039525691699604744
30,40,COST,6,681.24,0.022439877881784823,1.0,0.0006959696784272048,0.039525691699604744
30,40,COST,8,681.24,0.022439877881784823,1.0,0.0006959696784272048,0.039525691699604744
30,40,COST,9,681.24,0.022439877881784823,1.0,0.0006959696784272048,0.039525691699604744
30,40,COST,10,681.24,0.022439877881784823,1.0,0.0006959696784272048,0.039525691699604744
30,40,COST,11,681.24,0.022439877881784823,1.0,0.0006959696784272048,0.039525691699604744
30,40,COST,12,681.24,0.022439877881784823,1.0,0.0006959696784272048,0.039525691699604744
30,40,COST,13,681.24,0.022439877881784823,1.0,0.0006959696784272048,0.039525691699604744
30,40,COST,14,681.24,0.022439877881784823,1.0,0.0006959696784272048,0.039525691699604744
30,40,COST,15,681.24,0.022439877881784823,1.0,0.0006959696784272048,0.039525691699604744
30,40,COST,16,681.24,0.022439877881784823,1.0,0.0006959696784272048,0.039525691699604744
30,40,COST,17,681.24,0.022439877881784823,1.0,0.0006959696784272048,0.039525691699604744
30,40,COST,18,681.24,0.022439877881784823,1.0,0.0006959696784272048,0.039525691699604744
30,40,COST,19,681.24,0.022439877881784823,1.0,0.0006959696784272048,0.039525691699604744
30,40,COST,20,681.24,0.022439877881784823,1.0,0.0006959696784272048,0.039525691699604744
30,40,COST,23,681.24,0.022439877881784823,1.0,0.0006959696784272048,0.039525691699604744
30,40,COST,24,681.24,0.022439877881784823,1.0,0.0006959696784272048,0.039525691699604744
30,40,COST,25,681.24,0.022439877881784823,1.0,0.0006959696784272048,0.039525691699604744
30,40,COST,26,681.24,0.022439877881784823,1.0,0.0006959696784272048,0.039525691699604744
30,40,COST,27,681.24,0.022439877881784823,1.0,0.0006959696784272048,0.039525691699604744
30,40,COST,28,681.24,0.022439877881784823,1.0,0.0006959696784272048,0.039525691699604744
30,40,COST,29,681.24,0.022439877881784823,1.0,0.0006959696784272048,0.039525691699604744
30,40,COST,30,681.24,0.022439877881784823,1.0,0.0006959696784272048,0.039525691699604744
30,40,COST,31,681.24,0.022439877881784823,1.0,0.0006959696784272048,0.039525691699604744
30,41,NFLX,3,707.61,0.03794475173585578,1.0,0.0014923875645576595,0.039525691699604744
30,41,NFLX,5,707.61,0.03794475173585578,1.0,0.0014923875645576595,0.039525691699604744
30,41,NFLX,6,707.61,0.03794475173585578,1.0,0.0014923875645576595,0.039525691699604744
30,41,NFLX,7,707.61,0.03794475173585578,1.0,0.0014923875645576595,0.039525691699604744
30,41,NFLX,8,707.61,0.03794475173585578,1.0,0.0014923875645576595,0.039525691699604744
30,41,NFLX,9,707.61,0.03794475173585578,1.0,0.0014923875645576595,0.039525691699604744
30,41,NFLX,10,707.61,0.03794475173585578,1.0,0.0014923875645576595,0.039525691699604744
30,41,NFLX,11,707.61,0.03794475173585578,1.0,0.0014923875645576595,0.039525691699604744
30,41,NFLX,12,707.61,0.03794475173585578,1.0,0.0014923875645576595,0.039525691699604744
30,41,NFLX,13,707.61,0.03794475173585578,1.0,0.0014923875645576595,0.039525691699604744
30,41,NFLX,14,707.61,0.03794475173585578,1.0,0.0014923875645576595,0.039525691699604744
30,41,NFLX,15,707.61,0.03794475173585578,1.0,0.0014923875645576595,0.039525691699604744
30,41,NFLX,16,707.61,0.03794475173585578,1.0,0.0014923875645576595,0.039525691699604744
30,41,NFLX,17,707.61,0.03794475173585578,1.0,0.0014923875645576595,0.039525691699604744
30,41,NFLX,18,707.61,0.03794475173585578,1.0,0.0014923875645576595,0.039525691699604744
30,41,NFLX,20,707.61,0.03794475173585578,1.0,0.0014923875645576595,0.039525691699604744
30,41,NFLX,21,707.61,0.03794475173585578,1.0,0.0014923875645576595,0.039525691699604744
30,41,NFLX,22,707.61,0.03794475173585578,1.0,0.0014923875645576595,0.039525691699604744
30,41,NFLX,23,707.61,0.03794475173585578,1.0,0.0014923875645576595,0.039525691699604744
30,41,NFLX,24,707.61,0.03794475173585578,1.0,0.0014923875645576595,0.039525691699604744
30,41,NFLX,25,707.61,0.03794475173585578,1.0,0.0014923875645576595,0.039525691699604744
30,41,NFLX,26,707.61,0.03794475173585578,1.0,0.0014923875645576595,0.039525691699604744
30,41,NFLX,27,707.61,0.03794475173585578,1.0,0.0014923875645576595,0.039525691699604744
30,41,NFLX,28,707.61,0.03794475173585578,1.0,0.0014923875645576595,0.039525691699604744
30,41,NFLX,29,707.61,0.03794475173585578,1.0,0.0014923875645576595,0.039525691699604744
30,41,NFLX,30,707.61,0.03794475173585578,1.0,0.0014923875645576595,0.039525691699604744
30,41,NFLX,31,707.61,0.03794475173585578,1.0,0.0014923875645576595,0.039525691699604744
30,42,CMCSA,2,76.595,0.019877072315307758,1.0,0.0003188665613094927,0.039525691699604744
30,42,CMCSA,4,76.595,0.019877072315307758,1.0,0.0003188665613094927,0.039525691699604744
30,42,CMCSA,5,76.595,0.019877072315307758,1.0,0.0003188665613094927,0.039525691699604744
30,42,CMCSA,6,76.595,0.019877072315307758,1.0,0.0003188665613094927,0.039525691699604744
30,42,CMCSA,7,76.595,0.019877072315307758,1.0,0.0003188665613094927,0.039525691699604744
30,42,CMCSA,8,76.595,0.019877072315307758,1.0,0.0003188665613094927,0.039525691699604744
30,42,CMCSA,9,76.595,0.019877072315307758,1.0,0.0003188665613094927,0.039525691699604744
30,42,CMCSA,10,76.595,0.019877072315307758,1.0,0.0003188665613094927,0.039525691699604744
30,42,CMCSA,11,76.595,0.019877072315307758,1.0,0.0003188665613094927,0.039525691699604744
30,42,CMCSA,13,76.595,0.019877072315307758,1.0,0.0003188665613094927,0.039525691699604744
30,42,CMCSA,14,76.595,0.019877072315307758,1.0,0.0003188665613094927,0.039525691699604744
30,42,CMCSA,15,76.595,0.019877072315307758,1.0,0.0003188665613094927,0.039525691699604744
30,42,CMCSA,17,76.595,0.019877072315307758,1.0,0.0003188665613094927,0.039525691699604744
30,42,CMCSA,20,76.595,0.019877072315307758,1.0,0.0003188665613094927,0.039525691699604744
30,42,CMCSA,21,76.595,0.019877072315307758,1.0,0.0003188665613094927,0.039525691699604744
30,42,CMCSA,22,76.595,0.019877072315307758,1.0,0.0003188665613094927,0.039525691699604744
30,42,CMCSA,23,76.595,0.019877072315307758,1.0,0.0003188665613094927,0.039525691699604744
30,42,CMCSA,24,76.595,0.019877072315307758,1.0,0.0003188665613094927,0.039525691699604744
30,42,CMCSA,25,76.595,0.019877072315307758,1.0,0.0003188665613094927,0.039525691699604744
30,42,CMCSA,27,76.595,0.019877072315307758,1.0,0.0003188665613094927,0.039525691699604744
30,42,CMCSA,28,76.595,0.019877072315307758,1.0,0.0003188665613094927,0.039525691699604744
30,42,CMCSA,29,76.595,0.019877072315307758,1.0,0.0003188665613094927,0.039525691699604744
30,42,CMCSA,30,76.595,0.019877072315307758,1.0,0.0003188665613094927,0.039525691699604744
30,42,CMCSA,31,76.595,0.019877072315307758,1.0,0.0003188665613094927,0.039525691699604744
30,43,CRM,2,309.96,0.028701101192629783,1.0,0.0010399557671811061,0.039525691699604744
30,43,CRM,3,309.96,0.028701101192629783,1.0,0.0010399557671811061,0.039525691699604744
30,43,CRM,5,309.96,0.028701101192629783,1.0,0.0010399557671811061,0.039525691699604744
30,43,CRM,6,309.96,0.028701101192629783,1.0,0.0010399557671811061,0.039525691699604744
30,43,CRM,7,309.96,0.028701101192629783,1.0,0.0010399557671811061,0.039525691699604744
30,43,CRM,8,309.96,0.028701101192629783,1.0,0.0010399557671811061,0.039525691699604744
30,43,CRM,10,309.96,0.028701101192629783,1.0,0.0010399557671811061,0.039525691699604744
30,43,CRM,11,309.96,0.028701101192629783,1.0,0.0010399557671811061,0.039525691699604744
30,43,CRM,12,309.96,0.028701101192629783,1.0,0.0010399557671811061,0.039525691699604744
30,43,CRM,13,309.96,0.028701101192629783,1.0,0.0010399557671811061,0.039525691699604744
30,43,CRM,14,309.96,0.028701101192629783,1.0,0.0010399557671811061,0.039525691699604744
30,43,CRM,15,309.96,0.028701101192629783,1.0,0.0010399557671811061,0.039525691699604744
30,43,CRM,17,309.96,0.028701101192629783,1.0,0.0010399557671811061,0.039525691699604744
30,43,CRM,18,309.96,0.028701101192629783,1.0,0.0010399557671811061,0.039525691699604744
30,43,CRM,19,309.96,0.028701101192629783,1.0,0.0010399557671811061,0.039525691699604744
30,43,CRM,20,309.96,0.028701101192629783,1.0,0.0010399557671811061,0.039525691699604744
30,43,CRM,21,309.96,0.028701101192629783,1.0,0.0010399557671811061,0.039525691699604744
30,43,CRM,22,309.96,0.028701101192629783,1.0,0.0010399557671811061,0.039525691699604744
30,43,CRM,23,309.96,0.028701101192629783,1.0,0.0010399557671811061,0.039525691699604744
30,43,CRM,25,309.96,0.028701101192629783,1.0,0.0010399557671811061,0.039525691699604744
30,43,CRM,26,309.96,0.028701101192629783,1.0,0.0010399557671811061,0.039525691699604744
30,43,CRM,27,309.96,0.028701101192629783,1.0,0.0010399557671811061,0.039525691699604744
30,43,CRM,28,309.96,0.028701101192629783,1.0,0.0010399557671811061,0.039525691699604744
30,43,CRM,29,309.96,0.028701101192629783,1.0,0.0010399557671811061,0.039525691699604744
30,43,CRM,30,309.96,0.028701101192629783,1.0,0.0010399557671811061,0.039525691699604744
30,43,CRM,31,309.96,0.028701101192629783,1.0,0.0010399557671811061,0.039525691699604744
30,44,GOOGL,2,2996.77,0.024718185961058,1.0,0.0007174709742381507,0.039525691699604744
30,44,GOOGL,4,2996.77,0.024718185961058,1.0,0.0007174709742381507,0.039525691699604744
30,44,GOOGL,5,2996.77,0.024718185961058,1.0,0.0007174709742381507,0.039525691699604744
30,44,GOOGL,6,2996.77,0.024718185961058,1.0,0.0007174709742381507,0.039525691699604744
30,44,GOOGL,7,2996.77,0.024718185961058,1.0,0.0007174709742381507,0.039525691699604744
30,44,GOOGL,8,2996.77,0.024718185961058,1.0,0.0007174709742381507,0.039525691699604744
30,44,GOOGL,11,2996.77,0.024718185961058,1.0,0.0007174709742381507,0.039525691699604744
30,44,GOOGL,13,2996.77,0.024718185961058,1.0,0.0007174709742381507,0.039525691699604744
30,44,GOOGL,14,2996.77,0.024718185961058,1.0,0.0007174709742381507,0.039525691699604744
30,44,GOOGL,16,2996.77,0.024718185961058,1.0,0.0007174709742381507,0.039525691699604744
30,44,GOOGL,17,2996.77,0.024718185961058,1.0,0.0007174709742381507,0.039525691699604744
30,44,GOOGL,18,2996.77,0.024718185961058,1.0,0.0007174709742381507,0.039525691699604744
30,44,GOOGL,19,2996.77,0.024718185961058,1.0,0.0007174709742381507,0.039525691699604744
30,44,GOOGL,21,2996.77,0.024718185961058,1.0,0.0007174709742381507,0.039525691699604744
30,44,GOOGL,22,2996.77,0.024718185961058,1.0,0.0007174709742381507,0.039525691699604744
30,44,GOOGL,23,2996.77,0.024718185961058,1.0,0.0007174709742381507,0.039525691699604744
30,44,GOOGL,24,2996.77,0.024718185961058,1.0,0.0007174709742381507,0.039525691699604744
30,44,GOOGL,25,2996.77,0.024718185961058,1.0,0.0007174709742381507,0.039525691699604744
30,44,GOOGL,26,2996.77,0.024718185961058,1.0,0.0007174709742381507,0.039525691699604744
30,44,GOOGL,27,2996.77,0.024718185961058,1.0,0.0007174709742381507,0.039525691699604744
30,44,GOOGL,28,2996.77,0.024718185961058,1.0,0.0007174709742381507,0.039525691699604744
30,44,GOOGL,29,2996.77,0.024718185961058,1.0,0.0007174709742381507,0.039525691699604744
30,44,GOOGL,30,2996.77,0.024718185961058,1.0,0.0007174709742381507,0.039525691699604744
30,44,GOOGL,31,2996.77,0.024718185961058,1.0,0.0007174709742381507,0.039525691699604744
30,45,MA,2,843.6,0.025121619484304122,1.0,0.0010387881893002197,0.039525691699604744
30,45,MA,3,843.6,0.025121619484304122,1.0,0.0010387881893002197,0.039525691699604744
30,45,MA,4,843.6,0.025121619484304122,1.0,0.0010387881893002197,0.039525691699604744
30,45,MA,5,843.6,0.025121619484304122,1.0,0.0010387881893002197,0.039525691699604744
30,45,MA,7,843.6,0.025121619484304122,1.0,0.0010387881893002197,0.039525691699604744
30,45,MA,8,843.6,0.025121619484304122,1.0,0.0010387881893002197,0.039525691699604744
30,45,MA,9,843.6,0.025121619484304122,1.0,0.0010387881893002197,0.039525691699604744
30,45,MA,10,843.6,0.025121619484304122,1.0,0.0010387881893002197,0.039525691699604744
30,45,MA,11,843.6,0.025121619484304122,1.0,0.0010387881893002197,0.039525691699604744
30,45,MA,12,843.6,0.025121619484304122,1.0,0.0010387881893002197,0.039525691699604744
30,45,MA,13,843.6,0.025121619484304122,1.0,0.0010387881893002197,0.039525691699604744
30,45,MA,14,843.6,0.025121619484304122,1.0,0.0010387881893002197,0.039525691699604744
30,45,MA,16,843.6,0.025121619484304122,1.0,0.0010387881893002197,0.039525691699604744
30,45,MA,17,843.6,0.025121619484304122,1.0,0.0010387881893002197,0.039525691699604744
30,45,MA,19,843.6,0.025121619484304122,1.0,0.0010387881893002197,0.039525691699604744
30,45,MA,20,843.6,0.025121619484304122,1.0,0.0010387881893002197,0.039525691699604744
30,45,MA,22,843.6,0.025121619484304122,1.0,0.0010387881893002197,0.039525691699604744
30,45,MA,23,843.6,0.025121619484304122,1.0,0.0010387881893002197,0.039525691699604744
30,45,MA,24,843.6,0.025121619484304122,1.0,0.0010387881893002197,0.039525691699604744
30,45,MA,25,843.6,0.025121619484304122,1.0,0.0010387881893002197,0.039525691699604744
30,45,MA,26,843.6,0.025121619484304122,1.0,0.0010387881893002197,0.039525691699604744
30,45,MA,27,843.6,0.025121619484304122,1.0,0.0010387881893002197,0.039525691699604744
30,45,MA,28,843.6,0.025121619484304122,1.0,0.0010387881893002197,0.039525691699604744
30,45,MA,31,843.6,0.025121619484304122,1.0,0.0010387881893002197,0.039525691699604744
30,46,TMUS,2,160.44,0.026837089295438897,1.0,0.0007830329477854212,0.039525691699604744
30,46,TMUS,4,160.44,0.026837089295438897,1.0,0.0007830329477854212,0.039525691699604744
30,46,TMUS,6,160.44,0.026837089295438897,1.0,0.0007830329477854212,0.039525691699604744
30,46,TMUS,7,160.44,0.026837089295438897,1.0,0.0007830329477854212,0.039525691699604744
30,46,TMUS,8,160.44,0.026837089295438897,1.0,0.0007830329477854212,0.039525691699604744
30,46,TMUS,9,160.44,0.026837089295438897,1.0,0.0007830329477854212,0.039525691699604744
30,46,TMUS,10,160.44,0.026837089295438897,1.0,0.0007830329477854212,0.039525691699604744
30,46,TMUS,11,160.44,0.026837089295438897,1.0,0.0007830329477854212,0.039525691699604744
30,46,TMUS,12,160.44,0.026837089295438897,1.0,0.0007830329477854212,0.039525691699604744
30,46,TMUS,15,160.44,0.026837089295438897,1.0,0.0007830329477854212,0.039525691699604744
30,46,TMUS,16,160.44,0.026837089295438897,1.0,0.0007830329477854212,0.039525691699604744
30,46,TMUS,17,160.44,0.026837089295438897,1.0,0.0007830329477854212,0.039525691699604744
30,46,TMUS,18,160.44,0.026837089295438897,1.0,0.0007830329477854212,0.039525691699604744
30,46,TMUS,19,160.44,0.026837089295438897,1.0,0.0007830329477854212,0.039525691699604744
30,46,TMUS,20,160.44,0.026837089295438897,1.0,0.0007830329477854212,0.039525691699604744
30,46,TMUS,21,160.44,0.026837089295438897,1.0,0.0007830329477854212,0.039525691699604744
30,46,TMUS,22,160.44,0.026837089295438897,1.0,0.0007830329477854212,0.039525691699604744
30,46,TMUS,23,160.44,0.026837089295438897,1.0,0.0007830329477854212,0.039525691699604744
30,46,TMUS,25,160.44,0.026837089295438897,1.0,0.0007830329477854212,0.039525691699604744
30,46,TMUS,26,160.44,0.026837089295438897,1.0,0.0007830329477854212,0.039525691699604744
30,46,TMUS,27,160.44,0.026837089295438897,1.0,0.0007830329477854212,0.039525691699604744
30,46,TMUS,29,160.44,0.026837089295438897,1.0,0.0007830329477854212,0.039525691699604744
30,46,TMUS,30,160.44,0.026837089295438897,1.0,0.0007830329477854212,0.039525691699604744
30,46,TMUS,31,160.44,0.026837089295438897,1.0,0.0007830329477854212,0.039525691699604744
30,47,V,3,278.29,0.022041877004529652,1.0,0.0007166401984765148,0.039525691699604744
30,47,V,4,278.29,0.022041877004529652,1.0,0.0007166401984765148,0.039525691699604744
30,47,V,5,278.29,0.022041877004529652,1.0,0.0007166401984765148,0.039525691699604744
30,47,V,6,278.29,0.022041877004529652,1.0,0.0007166401984765148,0.039525691699604744
30,47,V,8,278.29,0.022041877004529652,1.0,0.0007166401984765148,0.039525691699604744
30,47,V,10,278.29,0.022041877004529652,1.0,0.0007166401984765148,0.039525691699604744
30,47,V,11,278.29,0.022041877004529652,1.0,0.0007166401984765148,0.039525691699604744
30,47,V,12,278.29,0.022041877004529652,1.0,0.0007166401984765148,0.039525691699604744
30,47,V,13,278.29,0.022041877004529652,1.0,0.0007166401984765148,0.039525691699604744
30,47,V,14,278.29,0.022041877004529652,1.0,0.0007166401984765148,0.039525691699604744
30,47,V,15,278.29,0.022041877004529652,1.0,0.0007166401984765148,0.039525691699604744
30,47,V,16,278.29,0.022041877004529652,1.0,0.0007166401984765148,0.039525691699604744
30,47,V,18,278.29,0.022041877004529652,1.0,0.0007166401984765148,0.039525691699604744
30,47,V,19,278.29,0.022041877004529652,1.0,0.0007166401984765148,0.039525691699604744
30,47,V,20,278.29,0.022041877004529652,1.0,0.0007166401984765148,0.039525691699604744
30,47,V,21,278.29,0.022041877004529652,1.0,0.0007166401984765148,0.039525691699604744
30,47,V,22,278.29,0.022041877004529652,1.0,0.0007166401984765148,0.039525691699604744
30,47,V,23,278.29,0.022041877004529652,1.0,0.0007166401984765148,0.039525691699604744
30,47,V,24,278.29,0.022041877004529652,1.0,0.0007166401984765148,0.039525691699604744
30,47,V,25,278.29,0.022041877004529652,1.0,0.0007166401984765148,0.039525691699604744
30,47,V,26,278.29,0.022041877004529652,1.0,0.0007166401984765148,0.039525691699604744
30,47,V,27,278.29,0.022041877004529652,1.0,0.0007166401984765148,0.039525691699604744
30,47,V,28,278.29,0.022041877004529652,1.0,0.0007166401984765148,0.039525691699604744
30,47,V,29,278.29,0.022041877004529652,1.0,0.0007166401984765148,0.039525691699604744
30,47,V,30,278.29,0.022041877004529652,1.0,0.0007166401984765148,0.039525691699604744
30,47,V,31,278.29,0.022041877004529652,1.0,0.0007166401984765148,0.039525691699604744
30,48,UNH,2,555.15,0.027471078622999523,1.0,0.0008920157706818069,0.039525691699604744
30,48,UNH,3,555.15,0.027471078622999523,1.0,0.0008920157706818069,0.039525691699604744
30,48,UNH,5,555.15,0.027471078622999523,1.0,0.0008920157706818069,0.039525691699604744
30,48,UNH,7,555.15,0.027471078622999523,1.0,0.0008920157706818069,0.039525691699604744
30,48,UNH,8,555.15,0.027471078622999523,1.0,0.0008920157706818069,0.039525691699604744
30,48,UNH,11,555.15,0.027471078622999523,1.0,0.0008920157706818069,0.039525691699604744
30,48,UNH,12,555.15,0.027471078622999523,1.0,0.0008920157706818069,0.039525691699604744
30,48,UNH,13,555.15,0.027471078622999523,1.0,0.0008920157706818069,0.039525691699604744
30,48,UNH,14,555.15,0.027471078622999523,1.0,0.0008920157706818069,0.039525691699604744
30,48,UNH,15,555.15,0.027471078622999523,1.0,0.0008920157706818069,0.039525691699604744
30,48,UNH,16,555.15,0.027471078622999523,1.0,0.0008920157706818069,0.039525691699604744
30,48,UNH,17,555.15,0.027471078622999523,1.0,0.0008920157706818069,0.039525691699604744
30,48,UNH,18,555.15,0.027471078622999523,1.0,0.0008920157706818069,0.039525691699604744
30,48,UNH,19,555.15,0.027471078622999523,1.0,0.0008920157706818069,0.039525691699604744
30,48,UNH,20,555.15,0.027471078622999523,1.0,0.0008920157706818069,0.039525691699604744
30,48,UNH,21,555.15,0.027471078622999523,1.0,0.0008920157706818069,0.039525691699604744
30,48,UNH,23,555.15,0.027471078622999523,1.0,0.0008920157706818069,0.039525691699604744
30,48,UNH,24,555.15,0.027471078622999523,1.0,0.0008920157706818069,0.039525691699604744
30,48,UNH,25,555.15,0.027471078622999523,1.0,0.0008920157706818069,0.039525691699604744
30,48,UNH,26,555.15,0.027471078622999523,1.0,0.0008920157706818069,0.039525691699604744
30,48,UNH,27,555.15,0.027471078622999523,1.0,0.0008920157706818069,0.039525691699604744
30,48,UNH,28,555.15,0.027471078622999523,1.0,0.0008920157706818069,0.039525691699604744
30,48,UNH,29,555.15,0.027471078622999523,1.0,0.0008920157706818069,0.039525691699604744
30,48,UNH,30,555.15,0.027471078622999523,1.0,0.0008920157706818069,0.039525691699604744
30,48,UNH,31,555.15,0.027471078622999523,1.0,0.0008920157706818069,0.039525691699604744
30,49,AVGO,2,1147.0,0.022185340937738766,1.0,0.0014151757552584394,0.039525691699604744
30,49,AVGO,3,1147.0,0.022185340937738766,1.0,0.0014151757552584394,0.039525691699604744
30,49,AVGO,4,1147.0,0.022185340937738766,1.0,0.0014151757552584394,0.039525691699604744
30,49,AVGO,5,1147.0,0.022185340937738766,1.0,0.0014151757552584394,0.039525691699604744
30,49,AVGO,6,1147.0,0.022185340937738766,1.0,0.0014151757552584394,0.039525691699604744
30,49,AVGO,7,1147.0,0.022185340937738766,1.0,0.0014151757552584394,0.039525691699604744
30,49,AVGO,9,1147.0,0.022185340937738766,1.0,0.0014151757552584394,0.039525691699604744
30,49,AVGO,10,1147.0,0.022185340937738766,1.0,0.0014151757552584394,0.039525691699604744
30,49,AVGO,11,1147.0,0.022185340937738766,1.0,0.0014151757552584394,0.039525691699604744
30,49,AVGO,12,1147.0,0.022185340937738766,1.0,0.0014151757552584394,0.039525691699604744
30,49,AVGO,13,1147.0,0.022185340937738766,1.0,0.0014151757552584394,0.039525691699604744
30,49,AVGO,14,1147.0,0.022185340937738766,1.0,0.0014151757552584394,0.039525691699604744
30,49,AVGO,15,1147.0,0.022185340937738766,1.0,0.0014151757552584394,0.039525691699604744
30,49,AVGO,16,1147.0,0.022185340937738766,1.0,0.0014151757552584394,0.039525691699604744
30,49,AVGO,17,1147.0,0.022185340937738766,1.0,0.0014151757552584394,0.039525691699604744
30,49,AVGO,18,1147.0,0.022185340937738766,1.0,0.0014151757552584394,0.039525691699604744
30,49,AVGO,19,1147.0,0.022185340937738766,1.0,0.0014151757552584394,0.039525691699604744
30,49,AVGO,20,1147.0,0.022185340937738766,1.0,0.0014151757552584394,0.039525691699604744
30,49,AVGO,21,1147.0,0.022185340937738766,1.0,0.0014151757552584394,0.039525691699604744
30,49,AVGO,22,1147.0,0.022185340937738766,1.0,0.0014151757552584394,0.039525691699604744
30,49,AVGO,23,1147.0,0.022185340937738766,1.0,0.0014151757552584394,0.039525691699604744
30,49,AVGO,24,1147.0,0.022185340937738766,1.0,0.0014151757552584394,0.039525691699604744
30,49,AVGO,25,1147.0,0.022185340937738766,1.0,0.0014151757552584394,0.039525691699604744
30,49,AVGO,26,1147.0,0.022185340937738766,1.0,0.0014151757552584394,0.039525691699604744
30,49,AVGO,27,1147.0,0.022185340937738766,1.0,0.0014151757552584394,0.039525691699604744
30,49,AVGO,28,1147.0,0.022185340937738766,1.0,0.0014151757552584394,0.039525691699604744
30,49,AVGO,29,1147.0,0.022185340937738766,1.0,0.0014151757552584394,0.039525691699604744
30,49,AVGO,30,1147.0,0.022185340937738766,1.0,0.0014151757552584394,0.039525691699604744
30,49,AVGO,31,1147.0,0.022185340937738766,1.0,0.0014151757552584394,0.039525691699604744
30,50,TSLA,2,2238.75,0.039876781634850623,1.0,0.0016655902789114662,0.039525691699604744
30,50,TSLA,3,2238.75,0.039876781634850623,1.0,0.0016655902789114662,0.039525691699604744
30,50,TSLA,4,2238.75,0.039876781634850623,1.0,0.0016655902789114662,0.039525691699604744
30,50,TSLA,6,2238.75,0.039876781634850623,1.0,0.0016655902789114662,0.039525691699604744
30,50,TSLA,7,2238.75,0.039876781634850623,1.0,0.0016655902789114662,0.039525691699604744
30,50,TSLA,10,2238.75,0.039876781634850623,1.0,0.0016655902789114662,0.039525691699604744
30,50,TSLA,12,2238.75,0.039876781634850623,1.0,0.0016655902789114662,0.039525691699604744
30,50,TSLA,13,2238.75,0.039876781634850623,1.0,0.0016655902789114662,0.039525691699604744
30,50,TSLA,14,2238.75,0.039876781634850623,1.0,0.0016655902789114662,0.039525691699604744
30,50,TSLA,15,2238.75,0.039876781634850623,1.0,0.0016655902789114662,0.039525691699604744
30,50,TSLA,16,2238.75,0.039876781634850623,1.0,0.0016655902789114662,0.039525691699604744
30,50,TSLA,19,2238.75,0.039876781634850623,1.0,0.0016655902789114662,0.039525691699604744
30,50,TSLA,20,2238.75,0.039876781634850623,1.0,0.0016655902789114662,0.039525691699604744
30,50,TSLA,21,2238.75,0.039876781634850623,1.0,0.0016655902789114662,0.039525691699604744
30,50,TSLA,22,2238.75,0.039876781634850623,1.0,0.0016655902789114662,0.039525691699604744
30,50,TSLA,23,2238.75,0.039876781634850623,1.0,0.0016655902789114662,0.039525691699604744
30,50,TSLA,25,2238.75,0.039876781634850623,1.0,0.0016655902789114662,0.039525691699604744
30,50,TSLA,26,2238.75,0.039876781634850623,1.0,0.0016655902789114662,0.039525691699604744
30,50,TSLA,27,2238.75,0.039876781634850623,1.0,0.0016655902789114662,0.039525691699604744
30,50,TSLA,28,2238.75,0.039876781634850623,1.0,0.0016655902789114662,0.039525691699604744
30,50,TSLA,29,2238.75,0.039876781634850623,1.0,0.0016655902789114662,0.039525691699604744
30,50,TSLA,30,2238.75,0.039876781634850623,1.0,0.0016655902789114662,0.039525691699604744
